<?xml version="1.0" encoding="utf-8" ?>
<kml xmlns="http://www.opengis.net/kml/2.2">
<Document id="root_doc">
<Schema name="cuadricula" id="cuadricula">
	<SimpleField name="Sector" type="int"></SimpleField>
</Schema>
<Folder><name>cuadricula</name>
  <Placemark id="cuadricula.1">
	<Style><LineStyle><color>ff0000ff</color></LineStyle><PolyStyle><fill>0</fill></PolyStyle></Style>
	<ExtendedData><SchemaData schemaUrl="#cuadricula">
		<SimpleData name="Sector">1</SimpleData>
	</SchemaData></ExtendedData>
      <MultiGeometry><Polygon><outerBoundaryIs><LinearRing><coordinates>-72.2742402031834,11.9586360999482 -72.2742532664211,11.9537347641883 -72.2827501293656,11.9537565860596 -72.2742402031834,11.9586360999482</coordinates></LinearRing></outerBoundaryIs></Polygon></MultiGeometry>
  </Placemark>
  <Placemark id="cuadricula.2">
	<Style><LineStyle><color>ff0000ff</color></LineStyle><PolyStyle><fill>0</fill></PolyStyle></Style>
	<ExtendedData><SchemaData schemaUrl="#cuadricula">
		<SimpleData name="Sector">2</SimpleData>
	</SchemaData></ExtendedData>
      <MultiGeometry><Polygon><outerBoundaryIs><LinearRing><coordinates>-72.2827501293656,11.9537565860596 -72.2742532664211,11.9537347641883 -72.2743014378151,11.9356421392433 -72.2840032286332,11.9356669977246 -72.2921112168191,11.9483885088735 -72.2827501293656,11.9537565860596</coordinates></LinearRing></outerBoundaryIs></Polygon></MultiGeometry>
  </Placemark>
  <Placemark id="cuadricula.3">
	<Style><LineStyle><color>ff0000ff</color></LineStyle><PolyStyle><fill>0</fill></PolyStyle></Style>
	<ExtendedData><SchemaData schemaUrl="#cuadricula">
		<SimpleData name="Sector">3</SimpleData>
	</SchemaData></ExtendedData>
      <MultiGeometry><Polygon><outerBoundaryIs><LinearRing><coordinates>-72.2840032286332,11.9356669977246 -72.2743014378151,11.9356421392433 -72.2743416769813,11.9205061612583 -72.2840032286332,11.9356669977246</coordinates></LinearRing></outerBoundaryIs></Polygon></MultiGeometry>
  </Placemark>
  <Placemark id="cuadricula.4">
	<Style><LineStyle><color>ff0000ff</color></LineStyle><PolyStyle><fill>0</fill></PolyStyle></Style>
	<ExtendedData><SchemaData schemaUrl="#cuadricula">
		<SimpleData name="Sector">4</SimpleData>
	</SchemaData></ExtendedData>
      <MultiGeometry><Polygon><outerBoundaryIs><LinearRing><coordinates>-72.255835808046,11.9691874850514 -72.2558781874979,11.9536866940396 -72.2742532664211,11.9537347641883 -72.2742402031834,11.9586360999482 -72.255835808046,11.9691874850514</coordinates></LinearRing></outerBoundaryIs></Polygon></MultiGeometry>
  </Placemark>
  <Placemark id="cuadricula.5">
	<Style><LineStyle><color>ff0000ff</color></LineStyle><PolyStyle><fill>0</fill></PolyStyle></Style>
	<ExtendedData><SchemaData schemaUrl="#cuadricula">
		<SimpleData name="Sector">5</SimpleData>
	</SchemaData></ExtendedData>
      <MultiGeometry><Polygon><outerBoundaryIs><LinearRing><coordinates>-72.2742532664211,11.9537347641883 -72.2558781874979,11.9536866940396 -72.2559275782658,11.9355941439191 -72.2743014378151,11.9356421392433 -72.2742532664211,11.9537347641883</coordinates></LinearRing></outerBoundaryIs></Polygon></MultiGeometry>
  </Placemark>
  <Placemark id="cuadricula.6">
	<Style><LineStyle><color>ff0000ff</color></LineStyle><PolyStyle><fill>0</fill></PolyStyle></Style>
	<ExtendedData><SchemaData schemaUrl="#cuadricula">
		<SimpleData name="Sector">6</SimpleData>
	</SchemaData></ExtendedData>
      <MultiGeometry><Polygon><outerBoundaryIs><LinearRing><coordinates>-72.2743416769813,11.9205061612583 -72.2743014378151,11.9356421392433 -72.2559275782658,11.9355941439191 -72.2559768887648,11.9175015703746 -72.2724545070286,11.9175446035951 -72.2743416769813,11.9205061612583</coordinates></LinearRing></outerBoundaryIs></Polygon></MultiGeometry>
  </Placemark>
  <Placemark id="cuadricula.7">
	<Style><LineStyle><color>ff0000ff</color></LineStyle><PolyStyle><fill>0</fill></PolyStyle></Style>
	<ExtendedData><SchemaData schemaUrl="#cuadricula">
		<SimpleData name="Sector">7</SimpleData>
	</SchemaData></ExtendedData>
      <MultiGeometry><Polygon><outerBoundaryIs><LinearRing><coordinates>-72.2724545070286,11.9175446035951 -72.2559768887648,11.9175015703746 -72.2560261190205,11.8994089734394 -72.2609072737246,11.8994218023856 -72.2724545070286,11.9175446035951</coordinates></LinearRing></outerBoundaryIs></Polygon></MultiGeometry>
  </Placemark>
  <Placemark id="cuadricula.8">
	<Style><LineStyle><color>ff0000ff</color></LineStyle><PolyStyle><fill>0</fill></PolyStyle></Style>
	<ExtendedData><SchemaData schemaUrl="#cuadricula">
		<SimpleData name="Sector">8</SimpleData>
	</SchemaData></ExtendedData>
      <MultiGeometry><Polygon><outerBoundaryIs><LinearRing><coordinates>-72.2609072737246,11.8994218023856 -72.2560261190205,11.8994089734394 -72.2560468188928,11.8917927447046 -72.2609072737246,11.8994218023856</coordinates></LinearRing></outerBoundaryIs></Polygon></MultiGeometry>
  </Placemark>
  <Placemark id="cuadricula.9">
	<Style><LineStyle><color>ff0000ff</color></LineStyle><PolyStyle><fill>0</fill></PolyStyle></Style>
	<ExtendedData><SchemaData schemaUrl="#cuadricula">
		<SimpleData name="Sector">9</SimpleData>
	</SchemaData></ExtendedData>
      <MultiGeometry><Polygon><outerBoundaryIs><LinearRing><coordinates>-72.2374300337864,11.9797375701093 -72.2374524964765,11.9717298722502 -72.251335436908,11.9717672653934 -72.2374300337864,11.9797375701093</coordinates></LinearRing></outerBoundaryIs></Polygon></MultiGeometry>
  </Placemark>
  <Placemark id="cuadricula.10">
	<Style><LineStyle><color>ff0000ff</color></LineStyle><PolyStyle><fill>0</fill></PolyStyle></Style>
	<ExtendedData><SchemaData schemaUrl="#cuadricula">
		<SimpleData name="Sector">10</SimpleData>
	</SchemaData></ExtendedData>
      <MultiGeometry><Polygon><outerBoundaryIs><LinearRing><coordinates>-72.251335436908,11.9717672653934 -72.2374524964765,11.9717298722502 -72.2375031888693,11.9536374222918 -72.2558781874979,11.9536866940396 -72.255835808046,11.9691874850514 -72.251335436908,11.9717672653934</coordinates></LinearRing></outerBoundaryIs></Polygon></MultiGeometry>
  </Placemark>
  <Placemark id="cuadricula.11">
	<Style><LineStyle><color>ff0000ff</color></LineStyle><PolyStyle><fill>0</fill></PolyStyle></Style>
	<ExtendedData><SchemaData schemaUrl="#cuadricula">
		<SimpleData name="Sector">11</SimpleData>
	</SchemaData></ExtendedData>
      <MultiGeometry><Polygon><outerBoundaryIs><LinearRing><coordinates>-72.2558781874979,11.9536866940396 -72.2375031888693,11.9536374222918 -72.2375537989853,11.9355449488662 -72.2559275782658,11.9355941439191 -72.2558781874979,11.9536866940396</coordinates></LinearRing></outerBoundaryIs></Polygon></MultiGeometry>
  </Placemark>
  <Placemark id="cuadricula.12">
	<Style><LineStyle><color>ff0000ff</color></LineStyle><PolyStyle><fill>0</fill></PolyStyle></Style>
	<ExtendedData><SchemaData schemaUrl="#cuadricula">
		<SimpleData name="Sector">12</SimpleData>
	</SchemaData></ExtendedData>
      <MultiGeometry><Polygon><outerBoundaryIs><LinearRing><coordinates>-72.2559275782658,11.9355941439191 -72.2375537989853,11.9355449488662 -72.2376043268509,11.9174524520068 -72.2559768887648,11.9175015703746 -72.2559275782658,11.9355941439191</coordinates></LinearRing></outerBoundaryIs></Polygon></MultiGeometry>
  </Placemark>
  <Placemark id="cuadricula.13">
	<Style><LineStyle><color>ff0000ff</color></LineStyle><PolyStyle><fill>0</fill></PolyStyle></Style>
	<ExtendedData><SchemaData schemaUrl="#cuadricula">
		<SimpleData name="Sector">13</SimpleData>
	</SchemaData></ExtendedData>
      <MultiGeometry><Polygon><outerBoundaryIs><LinearRing><coordinates>-72.2559768887648,11.9175015703746 -72.2376043268509,11.9174524520068 -72.2376547724922,11.899359931747 -72.2560261190205,11.8994089734394 -72.2559768887648,11.9175015703746</coordinates></LinearRing></outerBoundaryIs></Polygon></MultiGeometry>
  </Placemark>
  <Placemark id="cuadricula.14">
	<Style><LineStyle><color>ff0000ff</color></LineStyle><PolyStyle><fill>0</fill></PolyStyle></Style>
	<ExtendedData><SchemaData schemaUrl="#cuadricula">
		<SimpleData name="Sector">14</SimpleData>
	</SchemaData></ExtendedData>
      <MultiGeometry><Polygon><outerBoundaryIs><LinearRing><coordinates>-72.2560468188928,11.8917927447046 -72.2560261190205,11.8994089734394 -72.2376547724922,11.899359931747 -72.2377051359355,11.8812673881203 -72.2493615254639,11.8812985963522 -72.2560468188928,11.8917927447046</coordinates></LinearRing></outerBoundaryIs></Polygon></MultiGeometry>
  </Placemark>
  <Placemark id="cuadricula.15">
	<Style><LineStyle><color>ff0000ff</color></LineStyle><PolyStyle><fill>0</fill></PolyStyle></Style>
	<ExtendedData><SchemaData schemaUrl="#cuadricula">
		<SimpleData name="Sector">15</SimpleData>
	</SchemaData></ExtendedData>
      <MultiGeometry><Polygon><outerBoundaryIs><LinearRing><coordinates>-72.2493615254639,11.8812985963522 -72.2377051359355,11.8812673881203 -72.2377554172069,11.8631748211602 -72.23781725899,11.8631749877509 -72.2493615254639,11.8812985963522</coordinates></LinearRing></outerBoundaryIs></Polygon></MultiGeometry>
  </Placemark>
  <Placemark id="cuadricula.16">
	<Style><LineStyle><color>ff0000ff</color></LineStyle><PolyStyle><fill>0</fill></PolyStyle></Style>
	<ExtendedData><SchemaData schemaUrl="#cuadricula">
		<SimpleData name="Sector">16</SimpleData>
	</SchemaData></ExtendedData>
      <MultiGeometry><Polygon><outerBoundaryIs><LinearRing><coordinates>-72.23781725899,11.8631749877509 -72.2377554172069,11.8631748211602 -72.2377556851898,11.8630783143266 -72.23781725899,11.8631749877509</coordinates></LinearRing></outerBoundaryIs></Polygon></MultiGeometry>
  </Placemark>
  <Placemark id="cuadricula.17">
	<Style><LineStyle><color>ff0000ff</color></LineStyle><PolyStyle><fill>0</fill></PolyStyle></Style>
	<ExtendedData><SchemaData schemaUrl="#cuadricula">
		<SimpleData name="Sector">17</SimpleData>
	</SchemaData></ExtendedData>
      <MultiGeometry><Polygon><outerBoundaryIs><LinearRing><coordinates>-72.2190228803864,11.9902863518422 -72.2190243608377,11.9897716682255 -72.2199167262301,11.9897741545813 -72.2190228803864,11.9902863518422</coordinates></LinearRing></outerBoundaryIs></Polygon></MultiGeometry>
  </Placemark>
  <Placemark id="cuadricula.18">
	<Style><LineStyle><color>ff0000ff</color></LineStyle><PolyStyle><fill>0</fill></PolyStyle></Style>
	<ExtendedData><SchemaData schemaUrl="#cuadricula">
		<SimpleData name="Sector">18</SimpleData>
	</SchemaData></ExtendedData>
      <MultiGeometry><Polygon><outerBoundaryIs><LinearRing><coordinates>-72.2199167262301,11.9897741545813 -72.2190243608377,11.9897716682255 -72.2190763588205,11.9716793203531 -72.2374524964765,11.9717298722502 -72.2374300337864,11.9797375701093 -72.2199167262301,11.9897741545813</coordinates></LinearRing></outerBoundaryIs></Polygon></MultiGeometry>
  </Placemark>
  <Placemark id="cuadricula.19">
	<Style><LineStyle><color>ff0000ff</color></LineStyle><PolyStyle><fill>0</fill></PolyStyle></Style>
	<ExtendedData><SchemaData schemaUrl="#cuadricula">
		<SimpleData name="Sector">19</SimpleData>
	</SchemaData></ExtendedData>
      <MultiGeometry><Polygon><outerBoundaryIs><LinearRing><coordinates>-72.2374524964765,11.9717298722502 -72.2190763588205,11.9716793203531 -72.2191282725173,11.9535869489699 -72.2375031888693,11.9536374222918 -72.2374524964765,11.9717298722502</coordinates></LinearRing></outerBoundaryIs></Polygon></MultiGeometry>
  </Placemark>
  <Placemark id="cuadricula.20">
	<Style><LineStyle><color>ff0000ff</color></LineStyle><PolyStyle><fill>0</fill></PolyStyle></Style>
	<ExtendedData><SchemaData schemaUrl="#cuadricula">
		<SimpleData name="Sector">20</SimpleData>
	</SchemaData></ExtendedData>
      <MultiGeometry><Polygon><outerBoundaryIs><LinearRing><coordinates>-72.2375031888693,11.9536374222918 -72.2191282725173,11.9535869489699 -72.2191801019553,11.9354945541095 -72.2375537989853,11.9355449488662 -72.2375031888693,11.9536374222918</coordinates></LinearRing></outerBoundaryIs></Polygon></MultiGeometry>
  </Placemark>
  <Placemark id="cuadricula.21">
	<Style><LineStyle><color>ff0000ff</color></LineStyle><PolyStyle><fill>0</fill></PolyStyle></Style>
	<ExtendedData><SchemaData schemaUrl="#cuadricula">
		<SimpleData name="Sector">21</SimpleData>
	</SchemaData></ExtendedData>
      <MultiGeometry><Polygon><outerBoundaryIs><LinearRing><coordinates>-72.2375537989853,11.9355449488662 -72.2191801019553,11.9354945541095 -72.2192318471612,11.9174021358052 -72.2376043268509,11.9174524520068 -72.2375537989853,11.9355449488662</coordinates></LinearRing></outerBoundaryIs></Polygon></MultiGeometry>
  </Placemark>
  <Placemark id="cuadricula.22">
	<Style><LineStyle><color>ff0000ff</color></LineStyle><PolyStyle><fill>0</fill></PolyStyle></Style>
	<ExtendedData><SchemaData schemaUrl="#cuadricula">
		<SimpleData name="Sector">22</SimpleData>
	</SchemaData></ExtendedData>
      <MultiGeometry><Polygon><outerBoundaryIs><LinearRing><coordinates>-72.2376043268509,11.9174524520068 -72.2192318471612,11.9174021358052 -72.219283508162,11.8993096940906 -72.2376547724922,11.899359931747 -72.2376043268509,11.9174524520068</coordinates></LinearRing></outerBoundaryIs></Polygon></MultiGeometry>
  </Placemark>
  <Placemark id="cuadricula.23">
	<Style><LineStyle><color>ff0000ff</color></LineStyle><PolyStyle><fill>0</fill></PolyStyle></Style>
	<ExtendedData><SchemaData schemaUrl="#cuadricula">
		<SimpleData name="Sector">23</SimpleData>
	</SchemaData></ExtendedData>
      <MultiGeometry><Polygon><outerBoundaryIs><LinearRing><coordinates>-72.2376547724922,11.899359931747 -72.219283508162,11.8993096940906 -72.2193350849844,11.8812172289991 -72.2377051359355,11.8812673881203 -72.2376547724922,11.899359931747</coordinates></LinearRing></outerBoundaryIs></Polygon></MultiGeometry>
  </Placemark>
  <Placemark id="cuadricula.24">
	<Style><LineStyle><color>ff0000ff</color></LineStyle><PolyStyle><fill>0</fill></PolyStyle></Style>
	<ExtendedData><SchemaData schemaUrl="#cuadricula">
		<SimpleData name="Sector">24</SimpleData>
	</SchemaData></ExtendedData>
      <MultiGeometry><Polygon><outerBoundaryIs><LinearRing><coordinates>-72.2377051359355,11.8812673881203 -72.2193350849844,11.8812172289991 -72.2193865776553,11.8631247405642 -72.2377554172069,11.8631748211602 -72.2377051359355,11.8812673881203</coordinates></LinearRing></outerBoundaryIs></Polygon></MultiGeometry>
  </Placemark>
  <Placemark id="cuadricula.25">
	<Style><LineStyle><color>ff0000ff</color></LineStyle><PolyStyle><fill>0</fill></PolyStyle></Style>
	<ExtendedData><SchemaData schemaUrl="#cuadricula">
		<SimpleData name="Sector">25</SimpleData>
	</SchemaData></ExtendedData>
      <MultiGeometry><Polygon><outerBoundaryIs><LinearRing><coordinates>-72.2377556851898,11.8630783143266 -72.2377554172069,11.8631748211602 -72.2193865776553,11.8631247405642 -72.2194379862013,11.8450322288195 -72.2262744710478,11.8450509788369 -72.2377556851898,11.8630783143266</coordinates></LinearRing></outerBoundaryIs></Polygon></MultiGeometry>
  </Placemark>
  <Placemark id="cuadricula.26">
	<Style><LineStyle><color>ff0000ff</color></LineStyle><PolyStyle><fill>0</fill></PolyStyle></Style>
	<ExtendedData><SchemaData schemaUrl="#cuadricula">
		<SimpleData name="Sector">26</SimpleData>
	</SchemaData></ExtendedData>
      <MultiGeometry><Polygon><outerBoundaryIs><LinearRing><coordinates>-72.2262744710478,11.8450509788369 -72.2194379862013,11.8450322288195 -72.2194682629241,11.8343628790947 -72.2262744710478,11.8450509788369</coordinates></LinearRing></outerBoundaryIs></Polygon></MultiGeometry>
  </Placemark>
  <Placemark id="cuadricula.27">
	<Style><LineStyle><color>ff0000ff</color></LineStyle><PolyStyle><fill>0</fill></PolyStyle></Style>
	<ExtendedData><SchemaData schemaUrl="#cuadricula">
		<SimpleData name="Sector">27</SimpleData>
	</SchemaData></ExtendedData>
      <MultiGeometry><Polygon><outerBoundaryIs><LinearRing><coordinates>-72.2006143478286,12.0008338269704 -72.2006470842076,11.9897198324533 -72.2190243608377,11.9897716682255 -72.2190228803864,11.9902863518422 -72.2006143478286,12.0008338269704</coordinates></LinearRing></outerBoundaryIs></Polygon></MultiGeometry>
  </Placemark>
  <Placemark id="cuadricula.28">
	<Style><LineStyle><color>ff0000ff</color></LineStyle><PolyStyle><fill>0</fill></PolyStyle></Style>
	<ExtendedData><SchemaData schemaUrl="#cuadricula">
		<SimpleData name="Sector">28</SimpleData>
	</SchemaData></ExtendedData>
      <MultiGeometry><Polygon><outerBoundaryIs><LinearRing><coordinates>-72.2190243608377,11.9897716682255 -72.2006470842076,11.9897198324533 -72.2007003054503,11.9716275650369 -72.2190763588205,11.9716793203531 -72.2190243608377,11.9897716682255</coordinates></LinearRing></outerBoundaryIs></Polygon></MultiGeometry>
  </Placemark>
  <Placemark id="cuadricula.29">
	<Style><LineStyle><color>ff0000ff</color></LineStyle><PolyStyle><fill>0</fill></PolyStyle></Style>
	<ExtendedData><SchemaData schemaUrl="#cuadricula">
		<SimpleData name="Sector">29</SimpleData>
	</SchemaData></ExtendedData>
      <MultiGeometry><Polygon><outerBoundaryIs><LinearRing><coordinates>-72.2190763588205,11.9716793203531 -72.2007003054503,11.9716275650369 -72.2007534404243,11.9535352740994 -72.2191282725173,11.9535869489699 -72.2190763588205,11.9716793203531</coordinates></LinearRing></outerBoundaryIs></Polygon></MultiGeometry>
  </Placemark>
  <Placemark id="cuadricula.30">
	<Style><LineStyle><color>ff0000ff</color></LineStyle><PolyStyle><fill>0</fill></PolyStyle></Style>
	<ExtendedData><SchemaData schemaUrl="#cuadricula">
		<SimpleData name="Sector">30</SimpleData>
	</SchemaData></ExtendedData>
      <MultiGeometry><Polygon><outerBoundaryIs><LinearRing><coordinates>-72.2191282725173,11.9535869489699 -72.2007534404243,11.9535352740994 -72.2008064891573,11.9354429596744 -72.2191801019553,11.9354945541095 -72.2191282725173,11.9535869489699</coordinates></LinearRing></outerBoundaryIs></Polygon></MultiGeometry>
  </Placemark>
  <Placemark id="cuadricula.31">
	<Style><LineStyle><color>ff0000ff</color></LineStyle><PolyStyle><fill>0</fill></PolyStyle></Style>
	<ExtendedData><SchemaData schemaUrl="#cuadricula">
		<SimpleData name="Sector">31</SimpleData>
	</SchemaData></ExtendedData>
      <MultiGeometry><Polygon><outerBoundaryIs><LinearRing><coordinates>-72.2191801019553,11.9354945541095 -72.2008064891573,11.9354429596744 -72.2008594516767,11.9173506217953 -72.2192318471612,11.9174021358052 -72.2191801019553,11.9354945541095</coordinates></LinearRing></outerBoundaryIs></Polygon></MultiGeometry>
  </Placemark>
  <Placemark id="cuadricula.32">
	<Style><LineStyle><color>ff0000ff</color></LineStyle><PolyStyle><fill>0</fill></PolyStyle></Style>
	<ExtendedData><SchemaData schemaUrl="#cuadricula">
		<SimpleData name="Sector">32</SimpleData>
	</SchemaData></ExtendedData>
      <MultiGeometry><Polygon><outerBoundaryIs><LinearRing><coordinates>-72.2192318471612,11.9174021358052 -72.2008594516767,11.9173506217953 -72.2009123280101,11.8992582604956 -72.219283508162,11.8993096940906 -72.2192318471612,11.9174021358052</coordinates></LinearRing></outerBoundaryIs></Polygon></MultiGeometry>
  </Placemark>
  <Placemark id="cuadricula.33">
	<Style><LineStyle><color>ff0000ff</color></LineStyle><PolyStyle><fill>0</fill></PolyStyle></Style>
	<ExtendedData><SchemaData schemaUrl="#cuadricula">
		<SimpleData name="Sector">33</SimpleData>
	</SchemaData></ExtendedData>
      <MultiGeometry><Polygon><outerBoundaryIs><LinearRing><coordinates>-72.219283508162,11.8993096940906 -72.2009123280101,11.8992582604956 -72.2009651181849,11.8811658758089 -72.2193350849844,11.8812172289991 -72.219283508162,11.8993096940906</coordinates></LinearRing></outerBoundaryIs></Polygon></MultiGeometry>
  </Placemark>
  <Placemark id="cuadricula.34">
	<Style><LineStyle><color>ff0000ff</color></LineStyle><PolyStyle><fill>0</fill></PolyStyle></Style>
	<ExtendedData><SchemaData schemaUrl="#cuadricula">
		<SimpleData name="Sector">34</SimpleData>
	</SchemaData></ExtendedData>
      <MultiGeometry><Polygon><outerBoundaryIs><LinearRing><coordinates>-72.2193350849844,11.8812172289991 -72.2009651181849,11.8811658758089 -72.2010178222285,11.8630734677686 -72.2193865776553,11.8631247405642 -72.2193350849844,11.8812172289991</coordinates></LinearRing></outerBoundaryIs></Polygon></MultiGeometry>
  </Placemark>
  <Placemark id="cuadricula.35">
	<Style><LineStyle><color>ff0000ff</color></LineStyle><PolyStyle><fill>0</fill></PolyStyle></Style>
	<ExtendedData><SchemaData schemaUrl="#cuadricula">
		<SimpleData name="Sector">35</SimpleData>
	</SchemaData></ExtendedData>
      <MultiGeometry><Polygon><outerBoundaryIs><LinearRing><coordinates>-72.2193865776553,11.8631247405642 -72.2010178222285,11.8630734677686 -72.2010704401683,11.8449810364082 -72.2194379862013,11.8450322288195 -72.2193865776553,11.8631247405642</coordinates></LinearRing></outerBoundaryIs></Polygon></MultiGeometry>
  </Placemark>
  <Placemark id="cuadricula.36">
	<Style><LineStyle><color>ff0000ff</color></LineStyle><PolyStyle><fill>0</fill></PolyStyle></Style>
	<ExtendedData><SchemaData schemaUrl="#cuadricula">
		<SimpleData name="Sector">36</SimpleData>
	</SchemaData></ExtendedData>
      <MultiGeometry><Polygon><outerBoundaryIs><LinearRing><coordinates>-72.2194682629241,11.8343628790947 -72.2194379862013,11.8450322288195 -72.2010704401683,11.8449810364082 -72.2011229720315,11.8268885817614 -72.2147331583828,11.8269265718651 -72.2194682629241,11.8343628790947</coordinates></LinearRing></outerBoundaryIs></Polygon></MultiGeometry>
  </Placemark>
  <Placemark id="cuadricula.37">
	<Style><LineStyle><color>ff0000ff</color></LineStyle><PolyStyle><fill>0</fill></PolyStyle></Style>
	<ExtendedData><SchemaData schemaUrl="#cuadricula">
		<SimpleData name="Sector">37</SimpleData>
	</SchemaData></ExtendedData>
      <MultiGeometry><Polygon><outerBoundaryIs><LinearRing><coordinates>-72.2147331583828,11.8269265718651 -72.2011229720315,11.8268885817614 -72.2011754178454,11.8087961038616 -72.2031933177419,11.8088017690901 -72.2147331583828,11.8269265718651</coordinates></LinearRing></outerBoundaryIs></Polygon></MultiGeometry>
  </Placemark>
  <Placemark id="cuadricula.38">
	<Style><LineStyle><color>ff0000ff</color></LineStyle><PolyStyle><fill>0</fill></PolyStyle></Style>
	<ExtendedData><SchemaData schemaUrl="#cuadricula">
		<SimpleData name="Sector">38</SimpleData>
	</SchemaData></ExtendedData>
      <MultiGeometry><Polygon><outerBoundaryIs><LinearRing><coordinates>-72.2031933177419,11.8088017690901 -72.2011754178454,11.8087961038616 -72.2011845391541,11.8056464479766 -72.2031933177419,11.8088017690901</coordinates></LinearRing></outerBoundaryIs></Polygon></MultiGeometry>
  </Placemark>
  <Placemark id="cuadricula.39">
	<Style><LineStyle><color>ff0000ff</color></LineStyle><PolyStyle><fill>0</fill></PolyStyle></Style>
	<ExtendedData><SchemaData schemaUrl="#cuadricula">
		<SimpleData name="Sector">39</SimpleData>
	</SchemaData></ExtendedData>
      <MultiGeometry><Polygon><outerBoundaryIs><LinearRing><coordinates>-72.182204436097,12.0113799922148 -72.1822153611192,12.0077589529422 -72.1884939972441,12.007777237313 -72.182204436097,12.0113799922148</coordinates></LinearRing></outerBoundaryIs></Polygon></MultiGeometry>
  </Placemark>
  <Placemark id="cuadricula.40">
	<Style><LineStyle><color>ff0000ff</color></LineStyle><PolyStyle><fill>0</fill></PolyStyle></Style>
	<ExtendedData><SchemaData schemaUrl="#cuadricula">
		<SimpleData name="Sector">40</SimpleData>
	</SchemaData></ExtendedData>
      <MultiGeometry><Polygon><outerBoundaryIs><LinearRing><coordinates>-72.1884939972441,12.007777237313 -72.1822153611192,12.0077589529422 -72.1822698938739,11.9896667914175 -72.2006470842076,11.9897198324533 -72.2006143478286,12.0008338269704 -72.1884939972441,12.007777237313</coordinates></LinearRing></outerBoundaryIs></Polygon></MultiGeometry>
  </Placemark>
  <Placemark id="cuadricula.41">
	<Style><LineStyle><color>ff0000ff</color></LineStyle><PolyStyle><fill>0</fill></PolyStyle></Style>
	<ExtendedData><SchemaData schemaUrl="#cuadricula">
		<SimpleData name="Sector">41</SimpleData>
	</SchemaData></ExtendedData>
      <MultiGeometry><Polygon><outerBoundaryIs><LinearRing><coordinates>-72.2006470842076,11.9897198324533 -72.1822698938739,11.9896667914175 -72.1823243383488,11.9715746063277 -72.2007003054503,11.9716275650369 -72.2006470842076,11.9897198324533</coordinates></LinearRing></outerBoundaryIs></Polygon></MultiGeometry>
  </Placemark>
  <Placemark id="cuadricula.42">
	<Style><LineStyle><color>ff0000ff</color></LineStyle><PolyStyle><fill>0</fill></PolyStyle></Style>
	<ExtendedData><SchemaData schemaUrl="#cuadricula">
		<SimpleData name="Sector">42</SimpleData>
	</SchemaData></ExtendedData>
      <MultiGeometry><Polygon><outerBoundaryIs><LinearRing><coordinates>-72.2007003054503,11.9716275650369 -72.1823243383488,11.9715746063277 -72.1823786945724,11.9534823977064 -72.2007534404243,11.9535352740994 -72.2007003054503,11.9716275650369</coordinates></LinearRing></outerBoundaryIs></Polygon></MultiGeometry>
  </Placemark>
  <Placemark id="cuadricula.43">
	<Style><LineStyle><color>ff0000ff</color></LineStyle><PolyStyle><fill>0</fill></PolyStyle></Style>
	<ExtendedData><SchemaData schemaUrl="#cuadricula">
		<SimpleData name="Sector">43</SimpleData>
	</SchemaData></ExtendedData>
      <MultiGeometry><Polygon><outerBoundaryIs><LinearRing><coordinates>-72.2007534404243,11.9535352740994 -72.1823786945724,11.9534823977064 -72.1824329625728,11.935390165587 -72.2008064891573,11.9354429596744 -72.2007534404243,11.9535352740994</coordinates></LinearRing></outerBoundaryIs></Polygon></MultiGeometry>
  </Placemark>
  <Placemark id="cuadricula.44">
	<Style><LineStyle><color>ff0000ff</color></LineStyle><PolyStyle><fill>0</fill></PolyStyle></Style>
	<ExtendedData><SchemaData schemaUrl="#cuadricula">
		<SimpleData name="Sector">44</SimpleData>
	</SchemaData></ExtendedData>
      <MultiGeometry><Polygon><outerBoundaryIs><LinearRing><coordinates>-72.2008064891573,11.9354429596744 -72.1824329625728,11.935390165587 -72.1824871423782,11.9172979100031 -72.2008594516767,11.9173506217953 -72.2008064891573,11.9354429596744</coordinates></LinearRing></outerBoundaryIs></Polygon></MultiGeometry>
  </Placemark>
  <Placemark id="cuadricula.45">
	<Style><LineStyle><color>ff0000ff</color></LineStyle><PolyStyle><fill>0</fill></PolyStyle></Style>
	<ExtendedData><SchemaData schemaUrl="#cuadricula">
		<SimpleData name="Sector">45</SimpleData>
	</SchemaData></ExtendedData>
      <MultiGeometry><Polygon><outerBoundaryIs><LinearRing><coordinates>-72.2008594516767,11.9173506217953 -72.1824871423782,11.9172979100031 -72.1825412340168,11.8992056309881 -72.2009123280101,11.8992582604956 -72.2008594516767,11.9173506217953</coordinates></LinearRing></outerBoundaryIs></Polygon></MultiGeometry>
  </Placemark>
  <Placemark id="cuadricula.46">
	<Style><LineStyle><color>ff0000ff</color></LineStyle><PolyStyle><fill>0</fill></PolyStyle></Style>
	<ExtendedData><SchemaData schemaUrl="#cuadricula">
		<SimpleData name="Sector">46</SimpleData>
	</SchemaData></ExtendedData>
      <MultiGeometry><Polygon><outerBoundaryIs><LinearRing><coordinates>-72.2009123280101,11.8992582604956 -72.1825412340168,11.8992056309881 -72.1825952375165,11.8811133285756 -72.2009651181849,11.8811658758089 -72.2009123280101,11.8992582604956</coordinates></LinearRing></outerBoundaryIs></Polygon></MultiGeometry>
  </Placemark>
  <Placemark id="cuadricula.47">
	<Style><LineStyle><color>ff0000ff</color></LineStyle><PolyStyle><fill>0</fill></PolyStyle></Style>
	<ExtendedData><SchemaData schemaUrl="#cuadricula">
		<SimpleData name="Sector">47</SimpleData>
	</SchemaData></ExtendedData>
      <MultiGeometry><Polygon><outerBoundaryIs><LinearRing><coordinates>-72.2009651181849,11.8811658758089 -72.1825952375165,11.8811133285756 -72.1826491529056,11.8630210027992 -72.2010178222285,11.8630734677686 -72.2009651181849,11.8811658758089</coordinates></LinearRing></outerBoundaryIs></Polygon></MultiGeometry>
  </Placemark>
  <Placemark id="cuadricula.48">
	<Style><LineStyle><color>ff0000ff</color></LineStyle><PolyStyle><fill>0</fill></PolyStyle></Style>
	<ExtendedData><SchemaData schemaUrl="#cuadricula">
		<SimpleData name="Sector">48</SimpleData>
	</SchemaData></ExtendedData>
      <MultiGeometry><Polygon><outerBoundaryIs><LinearRing><coordinates>-72.2010178222285,11.8630734677686 -72.1826491529056,11.8630210027992 -72.1827029802118,11.8449286536923 -72.2010704401683,11.8449810364082 -72.2010178222285,11.8630734677686</coordinates></LinearRing></outerBoundaryIs></Polygon></MultiGeometry>
  </Placemark>
  <Placemark id="cuadricula.49">
	<Style><LineStyle><color>ff0000ff</color></LineStyle><PolyStyle><fill>0</fill></PolyStyle></Style>
	<ExtendedData><SchemaData schemaUrl="#cuadricula">
		<SimpleData name="Sector">49</SimpleData>
	</SchemaData></ExtendedData>
      <MultiGeometry><Polygon><outerBoundaryIs><LinearRing><coordinates>-72.2010704401683,11.8449810364082 -72.1827029802118,11.8449286536923 -72.1827567194632,11.8268362812885 -72.2011229720315,11.8268885817614 -72.2010704401683,11.8449810364082</coordinates></LinearRing></outerBoundaryIs></Polygon></MultiGeometry>
  </Placemark>
  <Placemark id="cuadricula.50">
	<Style><LineStyle><color>ff0000ff</color></LineStyle><PolyStyle><fill>0</fill></PolyStyle></Style>
	<ExtendedData><SchemaData schemaUrl="#cuadricula">
		<SimpleData name="Sector">50</SimpleData>
	</SchemaData></ExtendedData>
      <MultiGeometry><Polygon><outerBoundaryIs><LinearRing><coordinates>-72.2011229720315,11.8268885817614 -72.1827567194632,11.8268362812885 -72.1828103706876,11.8087438856214 -72.2011754178454,11.8087961038616 -72.2011229720315,11.8268885817614</coordinates></LinearRing></outerBoundaryIs></Polygon></MultiGeometry>
  </Placemark>
  <Placemark id="cuadricula.51">
	<Style><LineStyle><color>ff0000ff</color></LineStyle><PolyStyle><fill>0</fill></PolyStyle></Style>
	<ExtendedData><SchemaData schemaUrl="#cuadricula">
		<SimpleData name="Sector">51</SimpleData>
	</SchemaData></ExtendedData>
      <MultiGeometry><Polygon><outerBoundaryIs><LinearRing><coordinates>-72.2011845391541,11.8056464479766 -72.2011754178454,11.8087961038616 -72.1828103706876,11.8087438856214 -72.1828639339128,11.7906514667245 -72.1916549458726,11.7906765727657 -72.2011845391541,11.8056464479766</coordinates></LinearRing></outerBoundaryIs></Polygon></MultiGeometry>
  </Placemark>
  <Placemark id="cuadricula.52">
	<Style><LineStyle><color>ff0000ff</color></LineStyle><PolyStyle><fill>0</fill></PolyStyle></Style>
	<ExtendedData><SchemaData schemaUrl="#cuadricula">
		<SimpleData name="Sector">52</SimpleData>
	</SchemaData></ExtendedData>
      <MultiGeometry><Polygon><outerBoundaryIs><LinearRing><coordinates>-72.1916549458726,11.7906765727657 -72.1828639339128,11.7906514667245 -72.1829045009443,11.7769290299368 -72.1916549458726,11.7906765727657</coordinates></LinearRing></outerBoundaryIs></Polygon></MultiGeometry>
  </Placemark>
  <Placemark id="cuadricula.53">
	<Style><LineStyle><color>ff0000ff</color></LineStyle><PolyStyle><fill>0</fill></PolyStyle></Style>
	<ExtendedData><SchemaData schemaUrl="#cuadricula">
		<SimpleData name="Sector">53</SimpleData>
	</SchemaData></ExtendedData>
      <MultiGeometry><Polygon><outerBoundaryIs><LinearRing><coordinates>-72.1637931451762,12.0219248442962 -72.1638370338778,12.0077046224615 -72.1822153611192,12.0077589529422 -72.182204436097,12.0113799922148 -72.1637931451762,12.0219248442962</coordinates></LinearRing></outerBoundaryIs></Polygon></MultiGeometry>
  </Placemark>
  <Placemark id="cuadricula.54">
	<Style><LineStyle><color>ff0000ff</color></LineStyle><PolyStyle><fill>0</fill></PolyStyle></Style>
	<ExtendedData><SchemaData schemaUrl="#cuadricula">
		<SimpleData name="Sector">54</SimpleData>
	</SchemaData></ExtendedData>
      <MultiGeometry><Polygon><outerBoundaryIs><LinearRing><coordinates>-72.1822153611192,12.0077589529422 -72.1638370338778,12.0077046224615 -72.1638927918197,11.9896125451448 -72.1822698938739,11.9896667914175 -72.1822153611192,12.0077589529422</coordinates></LinearRing></outerBoundaryIs></Polygon></MultiGeometry>
  </Placemark>
  <Placemark id="cuadricula.55">
	<Style><LineStyle><color>ff0000ff</color></LineStyle><PolyStyle><fill>0</fill></PolyStyle></Style>
	<ExtendedData><SchemaData schemaUrl="#cuadricula">
		<SimpleData name="Sector">55</SimpleData>
	</SchemaData></ExtendedData>
      <MultiGeometry><Polygon><outerBoundaryIs><LinearRing><coordinates>-72.1822698938739,11.9896667914175 -72.1638927918197,11.9896125451448 -72.1639484594987,11.9715204442524 -72.1823243383488,11.9715746063277 -72.1822698938739,11.9896667914175</coordinates></LinearRing></outerBoundaryIs></Polygon></MultiGeometry>
  </Placemark>
  <Placemark id="cuadricula.56">
	<Style><LineStyle><color>ff0000ff</color></LineStyle><PolyStyle><fill>0</fill></PolyStyle></Style>
	<ExtendedData><SchemaData schemaUrl="#cuadricula">
		<SimpleData name="Sector">56</SimpleData>
	</SchemaData></ExtendedData>
      <MultiGeometry><Polygon><outerBoundaryIs><LinearRing><coordinates>-72.1823243383488,11.9715746063277 -72.1639484594987,11.9715204442524 -72.1640040369436,11.9534283198177 -72.1823786945724,11.9534823977064 -72.1823243383488,11.9715746063277</coordinates></LinearRing></outerBoundaryIs></Polygon></MultiGeometry>
  </Placemark>
  <Placemark id="cuadricula.57">
	<Style><LineStyle><color>ff0000ff</color></LineStyle><PolyStyle><fill>0</fill></PolyStyle></Style>
	<ExtendedData><SchemaData schemaUrl="#cuadricula">
		<SimpleData name="Sector">57</SimpleData>
	</SchemaData></ExtendedData>
      <MultiGeometry><Polygon><outerBoundaryIs><LinearRing><coordinates>-72.1823786945724,11.9534823977064 -72.1640040369436,11.9534283198177 -72.1640595241833,11.9353361718741 -72.1824329625728,11.935390165587 -72.1823786945724,11.9534823977064</coordinates></LinearRing></outerBoundaryIs></Polygon></MultiGeometry>
  </Placemark>
  <Placemark id="cuadricula.58">
	<Style><LineStyle><color>ff0000ff</color></LineStyle><PolyStyle><fill>0</fill></PolyStyle></Style>
	<ExtendedData><SchemaData schemaUrl="#cuadricula">
		<SimpleData name="Sector">58</SimpleData>
	</SchemaData></ExtendedData>
      <MultiGeometry><Polygon><outerBoundaryIs><LinearRing><coordinates>-72.1824329625728,11.935390165587 -72.1640595241833,11.9353361718741 -72.1641149212466,11.9172440004553 -72.1824871423782,11.9172979100031 -72.1824329625728,11.935390165587</coordinates></LinearRing></outerBoundaryIs></Polygon></MultiGeometry>
  </Placemark>
  <Placemark id="cuadricula.59">
	<Style><LineStyle><color>ff0000ff</color></LineStyle><PolyStyle><fill>0</fill></PolyStyle></Style>
	<ExtendedData><SchemaData schemaUrl="#cuadricula">
		<SimpleData name="Sector">59</SimpleData>
	</SchemaData></ExtendedData>
      <MultiGeometry><Polygon><outerBoundaryIs><LinearRing><coordinates>-72.1824871423782,11.9172979100031 -72.1641149212466,11.9172440004553 -72.1641702281622,11.8991518055947 -72.1825412340168,11.8992056309881 -72.1824871423782,11.9172979100031</coordinates></LinearRing></outerBoundaryIs></Polygon></MultiGeometry>
  </Placemark>
  <Placemark id="cuadricula.60">
	<Style><LineStyle><color>ff0000ff</color></LineStyle><PolyStyle><fill>0</fill></PolyStyle></Style>
	<ExtendedData><SchemaData schemaUrl="#cuadricula">
		<SimpleData name="Sector">60</SimpleData>
	</SchemaData></ExtendedData>
      <MultiGeometry><Polygon><outerBoundaryIs><LinearRing><coordinates>-72.1825412340168,11.8992056309881 -72.1641702281622,11.8991518055947 -72.1642254449589,11.881059587326 -72.1825952375165,11.8811133285756 -72.1825412340168,11.8992056309881</coordinates></LinearRing></outerBoundaryIs></Polygon></MultiGeometry>
  </Placemark>
  <Placemark id="cuadricula.61">
	<Style><LineStyle><color>ff0000ff</color></LineStyle><PolyStyle><fill>0</fill></PolyStyle></Style>
	<ExtendedData><SchemaData schemaUrl="#cuadricula">
		<SimpleData name="Sector">61</SimpleData>
	</SchemaData></ExtendedData>
      <MultiGeometry><Polygon><outerBoundaryIs><LinearRing><coordinates>-72.1825952375165,11.8811133285756 -72.1642254449589,11.881059587326 -72.1642805716654,11.8629673456825 -72.1826491529056,11.8630210027992 -72.1825952375165,11.8811133285756</coordinates></LinearRing></outerBoundaryIs></Polygon></MultiGeometry>
  </Placemark>
  <Placemark id="cuadricula.62">
	<Style><LineStyle><color>ff0000ff</color></LineStyle><PolyStyle><fill>0</fill></PolyStyle></Style>
	<ExtendedData><SchemaData schemaUrl="#cuadricula">
		<SimpleData name="Sector">62</SimpleData>
	</SchemaData></ExtendedData>
      <MultiGeometry><Polygon><outerBoundaryIs><LinearRing><coordinates>-72.1826491529056,11.8630210027992 -72.1642805716654,11.8629673456825 -72.1643356083102,11.8448750806981 -72.1827029802118,11.8449286536923 -72.1826491529056,11.8630210027992</coordinates></LinearRing></outerBoundaryIs></Polygon></MultiGeometry>
  </Placemark>
  <Placemark id="cuadricula.63">
	<Style><LineStyle><color>ff0000ff</color></LineStyle><PolyStyle><fill>0</fill></PolyStyle></Style>
	<ExtendedData><SchemaData schemaUrl="#cuadricula">
		<SimpleData name="Sector">63</SimpleData>
	</SchemaData></ExtendedData>
      <MultiGeometry><Polygon><outerBoundaryIs><LinearRing><coordinates>-72.1827029802118,11.8449286536923 -72.1643356083102,11.8448750806981 -72.1643905549218,11.826782792406 -72.1827567194632,11.8268362812885 -72.1827029802118,11.8449286536923</coordinates></LinearRing></outerBoundaryIs></Polygon></MultiGeometry>
  </Placemark>
  <Placemark id="cuadricula.64">
	<Style><LineStyle><color>ff0000ff</color></LineStyle><PolyStyle><fill>0</fill></PolyStyle></Style>
	<ExtendedData><SchemaData schemaUrl="#cuadricula">
		<SimpleData name="Sector">64</SimpleData>
	</SchemaData></ExtendedData>
      <MultiGeometry><Polygon><outerBoundaryIs><LinearRing><coordinates>-72.1827567194632,11.8268362812885 -72.1643905549218,11.826782792406 -72.1644454115289,11.8086904808401 -72.1828103706876,11.8087438856214 -72.1827567194632,11.8268362812885</coordinates></LinearRing></outerBoundaryIs></Polygon></MultiGeometry>
  </Placemark>
  <Placemark id="cuadricula.65">
	<Style><LineStyle><color>ff0000ff</color></LineStyle><PolyStyle><fill>0</fill></PolyStyle></Style>
	<ExtendedData><SchemaData schemaUrl="#cuadricula">
		<SimpleData name="Sector">65</SimpleData>
	</SchemaData></ExtendedData>
      <MultiGeometry><Polygon><outerBoundaryIs><LinearRing><coordinates>-72.1828103706876,11.8087438856214 -72.1644454115289,11.8086904808401 -72.1645001781597,11.7905981460338 -72.1828639339128,11.7906514667245 -72.1828103706876,11.8087438856214</coordinates></LinearRing></outerBoundaryIs></Polygon></MultiGeometry>
  </Placemark>
  <Placemark id="cuadricula.66">
	<Style><LineStyle><color>ff0000ff</color></LineStyle><PolyStyle><fill>0</fill></PolyStyle></Style>
	<ExtendedData><SchemaData schemaUrl="#cuadricula">
		<SimpleData name="Sector">66</SimpleData>
	</SchemaData></ExtendedData>
      <MultiGeometry><Polygon><outerBoundaryIs><LinearRing><coordinates>-72.1829045009443,11.7769290299368 -72.1828639339128,11.7906514667245 -72.1645001781597,11.7905981460338 -72.1645548548428,11.7725057880208 -72.1801180395237,11.7725509851455 -72.1829045009443,11.7769290299368</coordinates></LinearRing></outerBoundaryIs></Polygon></MultiGeometry>
  </Placemark>
  <Placemark id="cuadricula.67">
	<Style><LineStyle><color>ff0000ff</color></LineStyle><PolyStyle><fill>0</fill></PolyStyle></Style>
	<ExtendedData><SchemaData schemaUrl="#cuadricula">
		<SimpleData name="Sector">67</SimpleData>
	</SchemaData></ExtendedData>
      <MultiGeometry><Polygon><outerBoundaryIs><LinearRing><coordinates>-72.1801180395237,11.7725509851455 -72.1645548548428,11.7725057880208 -72.1646094416066,11.7544134068346 -72.168582595445,11.7544250084826 -72.1801180395237,11.7725509851455</coordinates></LinearRing></outerBoundaryIs></Polygon></MultiGeometry>
  </Placemark>
  <Placemark id="cuadricula.68">
	<Style><LineStyle><color>ff0000ff</color></LineStyle><PolyStyle><fill>0</fill></PolyStyle></Style>
	<ExtendedData><SchemaData schemaUrl="#cuadricula">
		<SimpleData name="Sector">68</SimpleData>
	</SchemaData></ExtendedData>
      <MultiGeometry><Polygon><outerBoundaryIs><LinearRing><coordinates>-72.1671518156498,11.7521765958981 -72.168582595445,11.7544250084826 -72.1646094416066,11.7544134068346 -72.1646119322291,11.7535871963243 -72.1671518156498,11.7521765958981</coordinates></LinearRing></outerBoundaryIs></Polygon></MultiGeometry>
  </Placemark>
  <Placemark id="cuadricula.69">
	<Style><LineStyle><color>ff0000ff</color></LineStyle><PolyStyle><fill>0</fill></PolyStyle></Style>
	<ExtendedData><SchemaData schemaUrl="#cuadricula">
		<SimpleData name="Sector">69</SimpleData>
	</SchemaData></ExtendedData>
      <MultiGeometry><Polygon><outerBoundaryIs><LinearRing><coordinates>-72.145380475052,12.0324683799356 -72.1454017215522,12.0257410525178 -72.1570672498706,12.0257764972796 -72.145380475052,12.0324683799356</coordinates></LinearRing></outerBoundaryIs></Polygon></MultiGeometry>
  </Placemark>
  <Placemark id="cuadricula.70">
	<Style><LineStyle><color>ff0000ff</color></LineStyle><PolyStyle><fill>0</fill></PolyStyle></Style>
	<ExtendedData><SchemaData schemaUrl="#cuadricula">
		<SimpleData name="Sector">70</SimpleData>
	</SchemaData></ExtendedData>
      <MultiGeometry><Polygon><outerBoundaryIs><LinearRing><coordinates>-72.1570672498706,12.0257764972796 -72.1454017215522,12.0257410525178 -72.1454587969283,12.0076490849005 -72.1638370338778,12.0077046224615 -72.1637931451762,12.0219248442962 -72.1570672498706,12.0257764972796</coordinates></LinearRing></outerBoundaryIs></Polygon></MultiGeometry>
  </Placemark>
  <Placemark id="cuadricula.71">
	<Style><LineStyle><color>ff0000ff</color></LineStyle><PolyStyle><fill>0</fill></PolyStyle></Style>
	<ExtendedData><SchemaData schemaUrl="#cuadricula">
		<SimpleData name="Sector">71</SimpleData>
	</SchemaData></ExtendedData>
      <MultiGeometry><Polygon><outerBoundaryIs><LinearRing><coordinates>-72.1638370338778,12.0077046224615 -72.1454587969283,12.0076490849005 -72.1455157800286,11.9895570936628 -72.1638927918197,11.9896125451448 -72.1638370338778,12.0077046224615</coordinates></LinearRing></outerBoundaryIs></Polygon></MultiGeometry>
  </Placemark>
  <Placemark id="cuadricula.72">
	<Style><LineStyle><color>ff0000ff</color></LineStyle><PolyStyle><fill>0</fill></PolyStyle></Style>
	<ExtendedData><SchemaData schemaUrl="#cuadricula">
		<SimpleData name="Sector">72</SimpleData>
	</SchemaData></ExtendedData>
      <MultiGeometry><Polygon><outerBoundaryIs><LinearRing><coordinates>-72.1638927918197,11.9896125451448 -72.1455157800286,11.9895570936628 -72.1455726708826,11.9714650788383 -72.1639484594987,11.9715204442524 -72.1638927918197,11.9896125451448</coordinates></LinearRing></outerBoundaryIs></Polygon></MultiGeometry>
  </Placemark>
  <Placemark id="cuadricula.73">
	<Style><LineStyle><color>ff0000ff</color></LineStyle><PolyStyle><fill>0</fill></PolyStyle></Style>
	<ExtendedData><SchemaData schemaUrl="#cuadricula">
		<SimpleData name="Sector">73</SimpleData>
	</SchemaData></ExtendedData>
      <MultiGeometry><Polygon><outerBoundaryIs><LinearRing><coordinates>-72.1639484594987,11.9715204442524 -72.1455726708826,11.9714650788383 -72.14562946952,11.9533730404605 -72.1640040369436,11.9534283198177 -72.1639484594987,11.9715204442524</coordinates></LinearRing></outerBoundaryIs></Polygon></MultiGeometry>
  </Placemark>
  <Placemark id="cuadricula.74">
	<Style><LineStyle><color>ff0000ff</color></LineStyle><PolyStyle><fill>0</fill></PolyStyle></Style>
	<ExtendedData><SchemaData schemaUrl="#cuadricula">
		<SimpleData name="Sector">74</SimpleData>
	</SchemaData></ExtendedData>
      <MultiGeometry><Polygon><outerBoundaryIs><LinearRing><coordinates>-72.1640040369436,11.9534283198177 -72.14562946952,11.9533730404605 -72.1456861759701,11.9352809785629 -72.1640595241833,11.9353361718741 -72.1640040369436,11.9534283198177</coordinates></LinearRing></outerBoundaryIs></Polygon></MultiGeometry>
  </Placemark>
  <Placemark id="cuadricula.75">
	<Style><LineStyle><color>ff0000ff</color></LineStyle><PolyStyle><fill>0</fill></PolyStyle></Style>
	<ExtendedData><SchemaData schemaUrl="#cuadricula">
		<SimpleData name="Sector">75</SimpleData>
	</SchemaData></ExtendedData>
      <MultiGeometry><Polygon><outerBoundaryIs><LinearRing><coordinates>-72.1640595241833,11.9353361718741 -72.1456861759701,11.9352809785629 -72.1457427902625,11.9171888931791 -72.1641149212466,11.9172440004553 -72.1640595241833,11.9353361718741</coordinates></LinearRing></outerBoundaryIs></Polygon></MultiGeometry>
  </Placemark>
  <Placemark id="cuadricula.76">
	<Style><LineStyle><color>ff0000ff</color></LineStyle><PolyStyle><fill>0</fill></PolyStyle></Style>
	<ExtendedData><SchemaData schemaUrl="#cuadricula">
		<SimpleData name="Sector">76</SimpleData>
	</SchemaData></ExtendedData>
      <MultiGeometry><Polygon><outerBoundaryIs><LinearRing><coordinates>-72.1641149212466,11.9172440004553 -72.1457427902625,11.9171888931791 -72.1457993124266,11.8990967843426 -72.1641702281622,11.8991518055947 -72.1641149212466,11.9172440004553</coordinates></LinearRing></outerBoundaryIs></Polygon></MultiGeometry>
  </Placemark>
  <Placemark id="cuadricula.77">
	<Style><LineStyle><color>ff0000ff</color></LineStyle><PolyStyle><fill>0</fill></PolyStyle></Style>
	<ExtendedData><SchemaData schemaUrl="#cuadricula">
		<SimpleData name="Sector">77</SimpleData>
	</SchemaData></ExtendedData>
      <MultiGeometry><Polygon><outerBoundaryIs><LinearRing><coordinates>-72.1641702281622,11.8991518055947 -72.1457993124266,11.8990967843426 -72.1458557424916,11.881004652087 -72.1642254449589,11.881059587326 -72.1641702281622,11.8991518055947</coordinates></LinearRing></outerBoundaryIs></Polygon></MultiGeometry>
  </Placemark>
  <Placemark id="cuadricula.78">
	<Style><LineStyle><color>ff0000ff</color></LineStyle><PolyStyle><fill>0</fill></PolyStyle></Style>
	<ExtendedData><SchemaData schemaUrl="#cuadricula">
		<SimpleData name="Sector">78</SimpleData>
	</SchemaData></ExtendedData>
      <MultiGeometry><Polygon><outerBoundaryIs><LinearRing><coordinates>-72.1642254449589,11.881059587326 -72.1458557424916,11.881004652087 -72.1459120804869,11.8629124964458 -72.1642805716654,11.8629673456825 -72.1642254449589,11.881059587326</coordinates></LinearRing></outerBoundaryIs></Polygon></MultiGeometry>
  </Placemark>
  <Placemark id="cuadricula.79">
	<Style><LineStyle><color>ff0000ff</color></LineStyle><PolyStyle><fill>0</fill></PolyStyle></Style>
	<ExtendedData><SchemaData schemaUrl="#cuadricula">
		<SimpleData name="Sector">79</SimpleData>
	</SchemaData></ExtendedData>
      <MultiGeometry><Polygon><outerBoundaryIs><LinearRing><coordinates>-72.1642805716654,11.8629673456825 -72.1459120804869,11.8629124964458 -72.1459683264416,11.8448203174527 -72.1643356083102,11.8448750806981 -72.1642805716654,11.8629673456825</coordinates></LinearRing></outerBoundaryIs></Polygon></MultiGeometry>
  </Placemark>
  <Placemark id="cuadricula.80">
	<Style><LineStyle><color>ff0000ff</color></LineStyle><PolyStyle><fill>0</fill></PolyStyle></Style>
	<ExtendedData><SchemaData schemaUrl="#cuadricula">
		<SimpleData name="Sector">80</SimpleData>
	</SchemaData></ExtendedData>
      <MultiGeometry><Polygon><outerBoundaryIs><LinearRing><coordinates>-72.1643356083102,11.8448750806981 -72.1459683264416,11.8448203174527 -72.1460244803851,11.8267281151412 -72.1643905549218,11.826782792406 -72.1643356083102,11.8448750806981</coordinates></LinearRing></outerBoundaryIs></Polygon></MultiGeometry>
  </Placemark>
  <Placemark id="cuadricula.81">
	<Style><LineStyle><color>ff0000ff</color></LineStyle><PolyStyle><fill>0</fill></PolyStyle></Style>
	<ExtendedData><SchemaData schemaUrl="#cuadricula">
		<SimpleData name="Sector">81</SimpleData>
	</SchemaData></ExtendedData>
      <MultiGeometry><Polygon><outerBoundaryIs><LinearRing><coordinates>-72.1643905549218,11.826782792406 -72.1460244803851,11.8267281151412 -72.1460805423463,11.8086358895449 -72.1644454115289,11.8086904808401 -72.1643905549218,11.826782792406</coordinates></LinearRing></outerBoundaryIs></Polygon></MultiGeometry>
  </Placemark>
  <Placemark id="cuadricula.82">
	<Style><LineStyle><color>ff0000ff</color></LineStyle><PolyStyle><fill>0</fill></PolyStyle></Style>
	<ExtendedData><SchemaData schemaUrl="#cuadricula">
		<SimpleData name="Sector">82</SimpleData>
	</SchemaData></ExtendedData>
      <MultiGeometry><Polygon><outerBoundaryIs><LinearRing><coordinates>-72.1644454115289,11.8086904808401 -72.1460805423463,11.8086358895449 -72.1461365123544,11.7905436406974 -72.1645001781597,11.7905981460338 -72.1644454115289,11.8086904808401</coordinates></LinearRing></outerBoundaryIs></Polygon></MultiGeometry>
  </Placemark>
  <Placemark id="cuadricula.83">
	<Style><LineStyle><color>ff0000ff</color></LineStyle><PolyStyle><fill>0</fill></PolyStyle></Style>
	<ExtendedData><SchemaData schemaUrl="#cuadricula">
		<SimpleData name="Sector">83</SimpleData>
	</SchemaData></ExtendedData>
      <MultiGeometry><Polygon><outerBoundaryIs><LinearRing><coordinates>-72.1645001781597,11.7905981460338 -72.1461365123544,11.7905436406974 -72.1461923904384,11.7724513686324 -72.1645548548428,11.7725057880208 -72.1645001781597,11.7905981460338</coordinates></LinearRing></outerBoundaryIs></Polygon></MultiGeometry>
  </Placemark>
  <Placemark id="cuadricula.84">
	<Style><LineStyle><color>ff0000ff</color></LineStyle><PolyStyle><fill>0</fill></PolyStyle></Style>
	<ExtendedData><SchemaData schemaUrl="#cuadricula">
		<SimpleData name="Sector">84</SimpleData>
	</SchemaData></ExtendedData>
      <MultiGeometry><Polygon><outerBoundaryIs><LinearRing><coordinates>-72.1631320444991,11.7544090787143 -72.1646094416066,11.7544134068346 -72.1645548548428,11.7725057880208 -72.1461923904384,11.7724513686324 -72.1462190744066,11.7638010792697 -72.1631320444991,11.7544090787143</coordinates></LinearRing></outerBoundaryIs></Polygon></MultiGeometry>
  </Placemark>
  <Placemark id="cuadricula.85">
	<Style><LineStyle><color>ff0000ff</color></LineStyle><PolyStyle><fill>0</fill></PolyStyle></Style>
	<ExtendedData><SchemaData schemaUrl="#cuadricula">
		<SimpleData name="Sector">85</SimpleData>
	</SchemaData></ExtendedData>
      <MultiGeometry><Polygon><outerBoundaryIs><LinearRing><coordinates>-72.1646119322291,11.7535871963243 -72.1646094416066,11.7544134068346 -72.1631320444991,11.7544090787143 -72.1646119322291,11.7535871963243</coordinates></LinearRing></outerBoundaryIs></Polygon></MultiGeometry>
  </Placemark>
  <Placemark id="cuadricula.86">
	<Style><LineStyle><color>ff0000ff</color></LineStyle><PolyStyle><fill>0</fill></PolyStyle></Style>
	<ExtendedData><SchemaData schemaUrl="#cuadricula">
		<SimpleData name="Sector">86</SimpleData>
	</SchemaData></ExtendedData>
      <MultiGeometry><Polygon><outerBoundaryIs><LinearRing><coordinates>-72.1269664257114,12.0430105958545 -72.127022349766,12.0256842199437 -72.1454017215522,12.0257410525178 -72.145380475052,12.0324683799356 -72.1269664257114,12.0430105958545</coordinates></LinearRing></outerBoundaryIs></Polygon></MultiGeometry>
  </Placemark>
  <Placemark id="cuadricula.87">
	<Style><LineStyle><color>ff0000ff</color></LineStyle><PolyStyle><fill>0</fill></PolyStyle></Style>
	<ExtendedData><SchemaData schemaUrl="#cuadricula">
		<SimpleData name="Sector">87</SimpleData>
	</SchemaData></ExtendedData>
      <MultiGeometry><Polygon><outerBoundaryIs><LinearRing><coordinates>-72.1454017215522,12.0257410525178 -72.127022349766,12.0256842199437 -72.1270806522547,12.0075923402874 -72.1454587969283,12.0076490849005 -72.1454017215522,12.0257410525178</coordinates></LinearRing></outerBoundaryIs></Polygon></MultiGeometry>
  </Placemark>
  <Placemark id="cuadricula.88">
	<Style><LineStyle><color>ff0000ff</color></LineStyle><PolyStyle><fill>0</fill></PolyStyle></Style>
	<ExtendedData><SchemaData schemaUrl="#cuadricula">
		<SimpleData name="Sector">88</SimpleData>
	</SchemaData></ExtendedData>
      <MultiGeometry><Polygon><outerBoundaryIs><LinearRing><coordinates>-72.1454587969283,12.0076490849005 -72.1270806522547,12.0075923402874 -72.1271388604837,11.9895004369995 -72.1455157800286,11.9895570936628 -72.1454587969283,12.0076490849005</coordinates></LinearRing></outerBoundaryIs></Polygon></MultiGeometry>
  </Placemark>
  <Placemark id="cuadricula.89">
	<Style><LineStyle><color>ff0000ff</color></LineStyle><PolyStyle><fill>0</fill></PolyStyle></Style>
	<ExtendedData><SchemaData schemaUrl="#cuadricula">
		<SimpleData name="Sector">89</SimpleData>
	</SchemaData></ExtendedData>
      <MultiGeometry><Polygon><outerBoundaryIs><LinearRing><coordinates>-72.1455157800286,11.9895570936628 -72.1271388604837,11.9895004369995 -72.1271969744833,11.9714085101135 -72.1455726708826,11.9714650788383 -72.1455157800286,11.9895570936628</coordinates></LinearRing></outerBoundaryIs></Polygon></MultiGeometry>
  </Placemark>
  <Placemark id="cuadricula.90">
	<Style><LineStyle><color>ff0000ff</color></LineStyle><PolyStyle><fill>0</fill></PolyStyle></Style>
	<ExtendedData><SchemaData schemaUrl="#cuadricula">
		<SimpleData name="Sector">90</SimpleData>
	</SchemaData></ExtendedData>
      <MultiGeometry><Polygon><outerBoundaryIs><LinearRing><coordinates>-72.1455726708826,11.9714650788383 -72.1271969744833,11.9714085101135 -72.1272549942836,11.9533165596629 -72.14562946952,11.9533730404605 -72.1455726708826,11.9714650788383</coordinates></LinearRing></outerBoundaryIs></Polygon></MultiGeometry>
  </Placemark>
  <Placemark id="cuadricula.91">
	<Style><LineStyle><color>ff0000ff</color></LineStyle><PolyStyle><fill>0</fill></PolyStyle></Style>
	<ExtendedData><SchemaData schemaUrl="#cuadricula">
		<SimpleData name="Sector">91</SimpleData>
	</SchemaData></ExtendedData>
      <MultiGeometry><Polygon><outerBoundaryIs><LinearRing><coordinates>-72.14562946952,11.9533730404605 -72.1272549942836,11.9533165596629 -72.1273129199148,11.9352245856814 -72.1456861759701,11.9352809785629 -72.14562946952,11.9533730404605</coordinates></LinearRing></outerBoundaryIs></Polygon></MultiGeometry>
  </Placemark>
  <Placemark id="cuadricula.92">
	<Style><LineStyle><color>ff0000ff</color></LineStyle><PolyStyle><fill>0</fill></PolyStyle></Style>
	<ExtendedData><SchemaData schemaUrl="#cuadricula">
		<SimpleData name="Sector">92</SimpleData>
	</SchemaData></ExtendedData>
      <MultiGeometry><Polygon><outerBoundaryIs><LinearRing><coordinates>-72.1456861759701,11.9352809785629 -72.1273129199148,11.9352245856814 -72.1273707514069,11.9171325882024 -72.1457427902625,11.9171888931791 -72.1456861759701,11.9352809785629</coordinates></LinearRing></outerBoundaryIs></Polygon></MultiGeometry>
  </Placemark>
  <Placemark id="cuadricula.93">
	<Style><LineStyle><color>ff0000ff</color></LineStyle><PolyStyle><fill>0</fill></PolyStyle></Style>
	<ExtendedData><SchemaData schemaUrl="#cuadricula">
		<SimpleData name="Sector">93</SimpleData>
	</SchemaData></ExtendedData>
      <MultiGeometry><Polygon><outerBoundaryIs><LinearRing><coordinates>-72.1457427902625,11.9171888931791 -72.1273707514069,11.9171325882024 -72.12742848879,11.8990405672596 -72.1457993124266,11.8990967843426 -72.1457427902625,11.9171888931791</coordinates></LinearRing></outerBoundaryIs></Polygon></MultiGeometry>
  </Placemark>
  <Placemark id="cuadricula.94">
	<Style><LineStyle><color>ff0000ff</color></LineStyle><PolyStyle><fill>0</fill></PolyStyle></Style>
	<ExtendedData><SchemaData schemaUrl="#cuadricula">
		<SimpleData name="Sector">94</SimpleData>
	</SchemaData></ExtendedData>
      <MultiGeometry><Polygon><outerBoundaryIs><LinearRing><coordinates>-72.1457993124266,11.8990967843426 -72.12742848879,11.8990405672596 -72.127486132094,11.8809485228865 -72.1458557424916,11.881004652087 -72.1457993124266,11.8990967843426</coordinates></LinearRing></outerBoundaryIs></Polygon></MultiGeometry>
  </Placemark>
  <Placemark id="cuadricula.95">
	<Style><LineStyle><color>ff0000ff</color></LineStyle><PolyStyle><fill>0</fill></PolyStyle></Style>
	<ExtendedData><SchemaData schemaUrl="#cuadricula">
		<SimpleData name="Sector">95</SimpleData>
	</SchemaData></ExtendedData>
      <MultiGeometry><Polygon><outerBoundaryIs><LinearRing><coordinates>-72.1458557424916,11.881004652087 -72.127486132094,11.8809485228865 -72.1275436813489,11.8628564551167 -72.1459120804869,11.8629124964458 -72.1458557424916,11.881004652087</coordinates></LinearRing></outerBoundaryIs></Polygon></MultiGeometry>
  </Placemark>
  <Placemark id="cuadricula.96">
	<Style><LineStyle><color>ff0000ff</color></LineStyle><PolyStyle><fill>0</fill></PolyStyle></Style>
	<ExtendedData><SchemaData schemaUrl="#cuadricula">
		<SimpleData name="Sector">96</SimpleData>
	</SchemaData></ExtendedData>
      <MultiGeometry><Polygon><outerBoundaryIs><LinearRing><coordinates>-72.1459120804869,11.8629124964458 -72.1275436813489,11.8628564551167 -72.1276011365844,11.8447643639838 -72.1459683264416,11.8448203174527 -72.1459120804869,11.8629124964458</coordinates></LinearRing></outerBoundaryIs></Polygon></MultiGeometry>
  </Placemark>
  <Placemark id="cuadricula.97">
	<Style><LineStyle><color>ff0000ff</color></LineStyle><PolyStyle><fill>0</fill></PolyStyle></Style>
	<ExtendedData><SchemaData schemaUrl="#cuadricula">
		<SimpleData name="Sector">97</SimpleData>
	</SchemaData></ExtendedData>
      <MultiGeometry><Polygon><outerBoundaryIs><LinearRing><coordinates>-72.1459683264416,11.8448203174527 -72.1276011365844,11.8447643639838 -72.1276584978305,11.8266722495214 -72.1460244803851,11.8267281151412 -72.1459683264416,11.8448203174527</coordinates></LinearRing></outerBoundaryIs></Polygon></MultiGeometry>
  </Placemark>
  <Placemark id="cuadricula.98">
	<Style><LineStyle><color>ff0000ff</color></LineStyle><PolyStyle><fill>0</fill></PolyStyle></Style>
	<ExtendedData><SchemaData schemaUrl="#cuadricula">
		<SimpleData name="Sector">98</SimpleData>
	</SchemaData></ExtendedData>
      <MultiGeometry><Polygon><outerBoundaryIs><LinearRing><coordinates>-72.1460244803851,11.8267281151412 -72.1276584978305,11.8266722495214 -72.1277157651169,11.8085801117632 -72.1460805423463,11.8086358895449 -72.1460244803851,11.8267281151412</coordinates></LinearRing></outerBoundaryIs></Polygon></MultiGeometry>
  </Placemark>
  <Placemark id="cuadricula.99">
	<Style><LineStyle><color>ff0000ff</color></LineStyle><PolyStyle><fill>0</fill></PolyStyle></Style>
	<ExtendedData><SchemaData schemaUrl="#cuadricula">
		<SimpleData name="Sector">99</SimpleData>
	</SchemaData></ExtendedData>
      <MultiGeometry><Polygon><outerBoundaryIs><LinearRing><coordinates>-72.1460805423463,11.8086358895449 -72.1277157651169,11.8085801117632 -72.1277729384732,11.7904879507428 -72.1461365123544,11.7905436406974 -72.1460805423463,11.8086358895449</coordinates></LinearRing></outerBoundaryIs></Polygon></MultiGeometry>
  </Placemark>
  <Placemark id="cuadricula.100">
	<Style><LineStyle><color>ff0000ff</color></LineStyle><PolyStyle><fill>0</fill></PolyStyle></Style>
	<ExtendedData><SchemaData schemaUrl="#cuadricula">
		<SimpleData name="Sector">100</SimpleData>
	</SchemaData></ExtendedData>
      <MultiGeometry><Polygon><outerBoundaryIs><LinearRing><coordinates>-72.1307232904554,11.7724046059767 -72.1461923904384,11.7724513686324 -72.1461365123544,11.7905436406974 -72.1277729384732,11.7904879507428 -72.1278249173792,11.7740136742884 -72.1307232904554,11.7724046059767</coordinates></LinearRing></outerBoundaryIs></Polygon></MultiGeometry>
  </Placemark>
  <Placemark id="cuadricula.101">
	<Style><LineStyle><color>ff0000ff</color></LineStyle><PolyStyle><fill>0</fill></PolyStyle></Style>
	<ExtendedData><SchemaData schemaUrl="#cuadricula">
		<SimpleData name="Sector">101</SimpleData>
	</SchemaData></ExtendedData>
      <MultiGeometry><Polygon><outerBoundaryIs><LinearRing><coordinates>-72.1462190744066,11.7638010792697 -72.1461923904384,11.7724513686324 -72.1307232904554,11.7724046059767 -72.1462190744066,11.7638010792697</coordinates></LinearRing></outerBoundaryIs></Polygon></MultiGeometry>
  </Placemark>
  <Placemark id="cuadricula.102">
	<Style><LineStyle><color>ff0000ff</color></LineStyle><PolyStyle><fill>0</fill></PolyStyle></Style>
	<ExtendedData><SchemaData schemaUrl="#cuadricula">
		<SimpleData name="Sector">102</SimpleData>
	</SchemaData></ExtendedData>
      <MultiGeometry><Polygon><outerBoundaryIs><LinearRing><coordinates>-72.1085509971422,12.0535514887743 -72.1085834464243,12.0437179446229 -72.1256364840394,12.0437719181743 -72.1085509971422,12.0535514887743</coordinates></LinearRing></outerBoundaryIs></Polygon></MultiGeometry>
  </Placemark>
  <Placemark id="cuadricula.103">
	<Style><LineStyle><color>ff0000ff</color></LineStyle><PolyStyle><fill>0</fill></PolyStyle></Style>
	<ExtendedData><SchemaData schemaUrl="#cuadricula">
		<SimpleData name="Sector">103</SimpleData>
	</SchemaData></ExtendedData>
      <MultiGeometry><Polygon><outerBoundaryIs><LinearRing><coordinates>-72.1256364840394,12.0437719181743 -72.1085834464243,12.0437179446229 -72.1086430722697,12.0256261784752 -72.127022349766,12.0256842199437 -72.1269664257114,12.0430105958545 -72.1256364840394,12.0437719181743</coordinates></LinearRing></outerBoundaryIs></Polygon></MultiGeometry>
  </Placemark>
  <Placemark id="cuadricula.104">
	<Style><LineStyle><color>ff0000ff</color></LineStyle><PolyStyle><fill>0</fill></PolyStyle></Style>
	<ExtendedData><SchemaData schemaUrl="#cuadricula">
		<SimpleData name="Sector">104</SimpleData>
	</SchemaData></ExtendedData>
      <MultiGeometry><Polygon><outerBoundaryIs><LinearRing><coordinates>-72.127022349766,12.0256842199437 -72.1086430722697,12.0256261784752 -72.1087026018407,12.0075343886509 -72.1270806522547,12.0075923402874 -72.127022349766,12.0256842199437</coordinates></LinearRing></outerBoundaryIs></Polygon></MultiGeometry>
  </Placemark>
  <Placemark id="cuadricula.105">
	<Style><LineStyle><color>ff0000ff</color></LineStyle><PolyStyle><fill>0</fill></PolyStyle></Style>
	<ExtendedData><SchemaData schemaUrl="#cuadricula">
		<SimpleData name="Sector">105</SimpleData>
	</SchemaData></ExtendedData>
      <MultiGeometry><Polygon><outerBoundaryIs><LinearRing><coordinates>-72.1270806522547,12.0075923402874 -72.1087026018407,12.0075343886509 -72.1087620351682,11.9894425751835 -72.1271388604837,11.9895004369995 -72.1270806522547,12.0075923402874</coordinates></LinearRing></outerBoundaryIs></Polygon></MultiGeometry>
  </Placemark>
  <Placemark id="cuadricula.106">
	<Style><LineStyle><color>ff0000ff</color></LineStyle><PolyStyle><fill>0</fill></PolyStyle></Style>
	<ExtendedData><SchemaData schemaUrl="#cuadricula">
		<SimpleData name="Sector">106</SimpleData>
	</SchemaData></ExtendedData>
      <MultiGeometry><Polygon><outerBoundaryIs><LinearRing><coordinates>-72.1271388604837,11.9895004369995 -72.1087620351682,11.9894425751835 -72.1088213722831,11.9713507381065 -72.1271969744833,11.9714085101135 -72.1271388604837,11.9895004369995</coordinates></LinearRing></outerBoundaryIs></Polygon></MultiGeometry>
  </Placemark>
  <Placemark id="cuadricula.107">
	<Style><LineStyle><color>ff0000ff</color></LineStyle><PolyStyle><fill>0</fill></PolyStyle></Style>
	<ExtendedData><SchemaData schemaUrl="#cuadricula">
		<SimpleData name="Sector">107</SimpleData>
	</SchemaData></ExtendedData>
      <MultiGeometry><Polygon><outerBoundaryIs><LinearRing><coordinates>-72.1271969744833,11.9714085101135 -72.1088213722831,11.9713507381065 -72.1088806132163,11.9532588774535 -72.1272549942836,11.9533165596629 -72.1271969744833,11.9714085101135</coordinates></LinearRing></outerBoundaryIs></Polygon></MultiGeometry>
  </Placemark>
  <Placemark id="cuadricula.108">
	<Style><LineStyle><color>ff0000ff</color></LineStyle><PolyStyle><fill>0</fill></PolyStyle></Style>
	<ExtendedData><SchemaData schemaUrl="#cuadricula">
		<SimpleData name="Sector">108</SimpleData>
	</SchemaData></ExtendedData>
      <MultiGeometry><Polygon><outerBoundaryIs><LinearRing><coordinates>-72.1272549942836,11.9533165596629 -72.1088806132163,11.9532588774535 -72.1089397579984,11.935166993258 -72.1273129199148,11.9352245856814 -72.1272549942836,11.9533165596629</coordinates></LinearRing></outerBoundaryIs></Polygon></MultiGeometry>
  </Placemark>
  <Placemark id="cuadricula.109">
	<Style><LineStyle><color>ff0000ff</color></LineStyle><PolyStyle><fill>0</fill></PolyStyle></Style>
	<ExtendedData><SchemaData schemaUrl="#cuadricula">
		<SimpleData name="Sector">109</SimpleData>
	</SchemaData></ExtendedData>
      <MultiGeometry><Polygon><outerBoundaryIs><LinearRing><coordinates>-72.1273129199148,11.9352245856814 -72.1089397579984,11.935166993258 -72.1089988066602,11.9170750855537 -72.1273707514069,11.9171325882024 -72.1273129199148,11.9352245856814</coordinates></LinearRing></outerBoundaryIs></Polygon></MultiGeometry>
  </Placemark>
  <Placemark id="cuadricula.110">
	<Style><LineStyle><color>ff0000ff</color></LineStyle><PolyStyle><fill>0</fill></PolyStyle></Style>
	<ExtendedData><SchemaData schemaUrl="#cuadricula">
		<SimpleData name="Sector">110</SimpleData>
	</SchemaData></ExtendedData>
      <MultiGeometry><Polygon><outerBoundaryIs><LinearRing><coordinates>-72.1273707514069,11.9171325882024 -72.1089988066602,11.9170750855537 -72.1090577592324,11.8989831543741 -72.12742848879,11.8990405672596 -72.1273707514069,11.9171325882024</coordinates></LinearRing></outerBoundaryIs></Polygon></MultiGeometry>
  </Placemark>
  <Placemark id="cuadricula.111">
	<Style><LineStyle><color>ff0000ff</color></LineStyle><PolyStyle><fill>0</fill></PolyStyle></Style>
	<ExtendedData><SchemaData schemaUrl="#cuadricula">
		<SimpleData name="Sector">111</SimpleData>
	</SchemaData></ExtendedData>
      <MultiGeometry><Polygon><outerBoundaryIs><LinearRing><coordinates>-72.12742848879,11.8990405672596 -72.1090577592324,11.8989831543741 -72.1091166157455,11.8808911997528 -72.127486132094,11.8809485228865 -72.12742848879,11.8990405672596</coordinates></LinearRing></outerBoundaryIs></Polygon></MultiGeometry>
  </Placemark>
  <Placemark id="cuadricula.112">
	<Style><LineStyle><color>ff0000ff</color></LineStyle><PolyStyle><fill>0</fill></PolyStyle></Style>
	<ExtendedData><SchemaData schemaUrl="#cuadricula">
		<SimpleData name="Sector">112</SimpleData>
	</SchemaData></ExtendedData>
      <MultiGeometry><Polygon><outerBoundaryIs><LinearRing><coordinates>-72.127486132094,11.8809485228865 -72.1091166157455,11.8808911997528 -72.1091753762301,11.8627992217235 -72.1275436813489,11.8628564551167 -72.127486132094,11.8809485228865</coordinates></LinearRing></outerBoundaryIs></Polygon></MultiGeometry>
  </Placemark>
  <Placemark id="cuadricula.113">
	<Style><LineStyle><color>ff0000ff</color></LineStyle><PolyStyle><fill>0</fill></PolyStyle></Style>
	<ExtendedData><SchemaData schemaUrl="#cuadricula">
		<SimpleData name="Sector">113</SimpleData>
	</SchemaData></ExtendedData>
      <MultiGeometry><Polygon><outerBoundaryIs><LinearRing><coordinates>-72.1275436813489,11.8628564551167 -72.1091753762301,11.8627992217235 -72.1092340407167,11.8447072203197 -72.1276011365844,11.8447643639838 -72.1275436813489,11.8628564551167</coordinates></LinearRing></outerBoundaryIs></Polygon></MultiGeometry>
  </Placemark>
  <Placemark id="cuadricula.114">
	<Style><LineStyle><color>ff0000ff</color></LineStyle><PolyStyle><fill>0</fill></PolyStyle></Style>
	<ExtendedData><SchemaData schemaUrl="#cuadricula">
		<SimpleData name="Sector">114</SimpleData>
	</SchemaData></ExtendedData>
      <MultiGeometry><Polygon><outerBoundaryIs><LinearRing><coordinates>-72.1276011365844,11.8447643639838 -72.1092340407167,11.8447072203197 -72.1092926092357,11.8266151955752 -72.1276584978305,11.8266722495214 -72.1276011365844,11.8447643639838</coordinates></LinearRing></outerBoundaryIs></Polygon></MultiGeometry>
  </Placemark>
  <Placemark id="cuadricula.115">
	<Style><LineStyle><color>ff0000ff</color></LineStyle><PolyStyle><fill>0</fill></PolyStyle></Style>
	<ExtendedData><SchemaData schemaUrl="#cuadricula">
		<SimpleData name="Sector">115</SimpleData>
	</SchemaData></ExtendedData>
      <MultiGeometry><Polygon><outerBoundaryIs><LinearRing><coordinates>-72.1276584978305,11.8266722495214 -72.1092926092357,11.8266151955752 -72.1093510818175,11.8085231475234 -72.1277157651169,11.8085801117632 -72.1276584978305,11.8266722495214</coordinates></LinearRing></outerBoundaryIs></Polygon></MultiGeometry>
  </Placemark>
  <Placemark id="cuadricula.116">
	<Style><LineStyle><color>ff0000ff</color></LineStyle><PolyStyle><fill>0</fill></PolyStyle></Style>
	<ExtendedData><SchemaData schemaUrl="#cuadricula">
		<SimpleData name="Sector">116</SimpleData>
	</SchemaData></ExtendedData>
      <MultiGeometry><Polygon><outerBoundaryIs><LinearRing><coordinates>-72.1277157651169,11.8085801117632 -72.1093510818175,11.8085231475234 -72.1094094584923,11.7904310761981 -72.1277729384732,11.7904879507428 -72.1277157651169,11.8085801117632</coordinates></LinearRing></outerBoundaryIs></Polygon></MultiGeometry>
  </Placemark>
  <Placemark id="cuadricula.117">
	<Style><LineStyle><color>ff0000ff</color></LineStyle><PolyStyle><fill>0</fill></PolyStyle></Style>
	<ExtendedData><SchemaData schemaUrl="#cuadricula">
		<SimpleData name="Sector">117</SimpleData>
	</SchemaData></ExtendedData>
      <MultiGeometry><Polygon><outerBoundaryIs><LinearRing><coordinates>-72.1278249173792,11.7740136742884 -72.1277729384732,11.7904879507428 -72.1094094584923,11.7904310761981 -72.1094294612578,11.7842249782114 -72.1278249173792,11.7740136742884</coordinates></LinearRing></outerBoundaryIs></Polygon></MultiGeometry>
  </Placemark>
  <Placemark id="cuadricula.118">
	<Style><LineStyle><color>ff0000ff</color></LineStyle><PolyStyle><fill>0</fill></PolyStyle></Style>
	<ExtendedData><SchemaData schemaUrl="#cuadricula">
		<SimpleData name="Sector">118</SimpleData>
	</SchemaData></ExtendedData>
      <MultiGeometry><Polygon><outerBoundaryIs><LinearRing><coordinates>-72.0901341893333,12.0640910554167 -72.0901420829952,12.0617502532855 -72.0942016996887,12.0617634836918 -72.0901341893333,12.0640910554167</coordinates></LinearRing></outerBoundaryIs></Polygon></MultiGeometry>
  </Placemark>
  <Placemark id="cuadricula.119">
	<Style><LineStyle><color>ff0000ff</color></LineStyle><PolyStyle><fill>0</fill></PolyStyle></Style>
	<ExtendedData><SchemaData schemaUrl="#cuadricula">
		<SimpleData name="Sector">119</SimpleData>
	</SchemaData></ExtendedData>
      <MultiGeometry><Polygon><outerBoundaryIs><LinearRing><coordinates>-72.0942016996887,12.0617634836918 -72.0901420829952,12.0617502532855 -72.0902030361667,12.0436586025746 -72.1085834464243,12.0437179446229 -72.1085509971422,12.0535514887743 -72.0942016996887,12.0617634836918</coordinates></LinearRing></outerBoundaryIs></Polygon></MultiGeometry>
  </Placemark>
  <Placemark id="cuadricula.120">
	<Style><LineStyle><color>ff0000ff</color></LineStyle><PolyStyle><fill>0</fill></PolyStyle></Style>
	<ExtendedData><SchemaData schemaUrl="#cuadricula">
		<SimpleData name="Sector">120</SimpleData>
	</SchemaData></ExtendedData>
      <MultiGeometry><Polygon><outerBoundaryIs><LinearRing><coordinates>-72.1085834464243,12.0437179446229 -72.0902030361667,12.0436586025746 -72.0902638910478,12.0255669281417 -72.1086430722697,12.0256261784752 -72.1085834464243,12.0437179446229</coordinates></LinearRing></outerBoundaryIs></Polygon></MultiGeometry>
  </Placemark>
  <Placemark id="cuadricula.121">
	<Style><LineStyle><color>ff0000ff</color></LineStyle><PolyStyle><fill>0</fill></PolyStyle></Style>
	<ExtendedData><SchemaData schemaUrl="#cuadricula">
		<SimpleData name="Sector">121</SimpleData>
	</SchemaData></ExtendedData>
      <MultiGeometry><Polygon><outerBoundaryIs><LinearRing><coordinates>-72.1086430722697,12.0256261784752 -72.0902638910478,12.0255669281417 -72.0903246476701,12.0074752300203 -72.1087026018407,12.0075343886509 -72.1086430722697,12.0256261784752</coordinates></LinearRing></outerBoundaryIs></Polygon></MultiGeometry>
  </Placemark>
  <Placemark id="cuadricula.122">
	<Style><LineStyle><color>ff0000ff</color></LineStyle><PolyStyle><fill>0</fill></PolyStyle></Style>
	<ExtendedData><SchemaData schemaUrl="#cuadricula">
		<SimpleData name="Sector">122</SimpleData>
	</SchemaData></ExtendedData>
      <MultiGeometry><Polygon><outerBoundaryIs><LinearRing><coordinates>-72.1087026018407,12.0075343886509 -72.0903246476701,12.0074752300203 -72.0903853060653,11.9893835082441 -72.1087620351682,11.9894425751835 -72.1087026018407,12.0075343886509</coordinates></LinearRing></outerBoundaryIs></Polygon></MultiGeometry>
  </Placemark>
  <Placemark id="cuadricula.123">
	<Style><LineStyle><color>ff0000ff</color></LineStyle><PolyStyle><fill>0</fill></PolyStyle></Style>
	<ExtendedData><SchemaData schemaUrl="#cuadricula">
		<SimpleData name="Sector">123</SimpleData>
	</SchemaData></ExtendedData>
      <MultiGeometry><Polygon><outerBoundaryIs><LinearRing><coordinates>-72.1087620351682,11.9894425751835 -72.0903853060653,11.9893835082441 -72.0904458662648,11.9712917628466 -72.1088213722831,11.9713507381065 -72.1087620351682,11.9894425751835</coordinates></LinearRing></outerBoundaryIs></Polygon></MultiGeometry>
  </Placemark>
  <Placemark id="cuadricula.124">
	<Style><LineStyle><color>ff0000ff</color></LineStyle><PolyStyle><fill>0</fill></PolyStyle></Style>
	<ExtendedData><SchemaData schemaUrl="#cuadricula">
		<SimpleData name="Sector">124</SimpleData>
	</SchemaData></ExtendedData>
      <MultiGeometry><Polygon><outerBoundaryIs><LinearRing><coordinates>-72.1088213722831,11.9713507381065 -72.0904458662648,11.9712917628466 -72.0905063283,11.9531999938613 -72.1088806132163,11.9532588774535 -72.1088213722831,11.9713507381065</coordinates></LinearRing></outerBoundaryIs></Polygon></MultiGeometry>
  </Placemark>
  <Placemark id="cuadricula.125">
	<Style><LineStyle><color>ff0000ff</color></LineStyle><PolyStyle><fill>0</fill></PolyStyle></Style>
	<ExtendedData><SchemaData schemaUrl="#cuadricula">
		<SimpleData name="Sector">125</SimpleData>
	</SchemaData></ExtendedData>
      <MultiGeometry><Polygon><outerBoundaryIs><LinearRing><coordinates>-72.1088806132163,11.9532588774535 -72.0905063283,11.9531999938613 -72.0905666922024,11.9351082013219 -72.1089397579984,11.935166993258 -72.1088806132163,11.9532588774535</coordinates></LinearRing></outerBoundaryIs></Polygon></MultiGeometry>
  </Placemark>
  <Placemark id="cuadricula.126">
	<Style><LineStyle><color>ff0000ff</color></LineStyle><PolyStyle><fill>0</fill></PolyStyle></Style>
	<ExtendedData><SchemaData schemaUrl="#cuadricula">
		<SimpleData name="Sector">126</SimpleData>
	</SchemaData></ExtendedData>
      <MultiGeometry><Polygon><outerBoundaryIs><LinearRing><coordinates>-72.1089397579984,11.935166993258 -72.0905666922024,11.9351082013219 -72.0906269580033,11.917016385262 -72.1089988066602,11.9170750855537 -72.1089397579984,11.935166993258</coordinates></LinearRing></outerBoundaryIs></Polygon></MultiGeometry>
  </Placemark>
  <Placemark id="cuadricula.127">
	<Style><LineStyle><color>ff0000ff</color></LineStyle><PolyStyle><fill>0</fill></PolyStyle></Style>
	<ExtendedData><SchemaData schemaUrl="#cuadricula">
		<SimpleData name="Sector">127</SimpleData>
	</SchemaData></ExtendedData>
      <MultiGeometry><Polygon><outerBoundaryIs><LinearRing><coordinates>-72.1089988066602,11.9170750855537 -72.0906269580033,11.917016385262 -72.0906871257339,11.8989245457152 -72.1090577592324,11.8989831543741 -72.1089988066602,11.9170750855537</coordinates></LinearRing></outerBoundaryIs></Polygon></MultiGeometry>
  </Placemark>
  <Placemark id="cuadricula.128">
	<Style><LineStyle><color>ff0000ff</color></LineStyle><PolyStyle><fill>0</fill></PolyStyle></Style>
	<ExtendedData><SchemaData schemaUrl="#cuadricula">
		<SimpleData name="Sector">128</SimpleData>
	</SchemaData></ExtendedData>
      <MultiGeometry><Polygon><outerBoundaryIs><LinearRing><coordinates>-72.1090577592324,11.8989831543741 -72.0906871257339,11.8989245457152 -72.0907471954256,11.880832682715 -72.1091166157455,11.8808911997528 -72.1090577592324,11.8989831543741</coordinates></LinearRing></outerBoundaryIs></Polygon></MultiGeometry>
  </Placemark>
  <Placemark id="cuadricula.129">
	<Style><LineStyle><color>ff0000ff</color></LineStyle><PolyStyle><fill>0</fill></PolyStyle></Style>
	<ExtendedData><SchemaData schemaUrl="#cuadricula">
		<SimpleData name="Sector">129</SimpleData>
	</SchemaData></ExtendedData>
      <MultiGeometry><Polygon><outerBoundaryIs><LinearRing><coordinates>-72.1091166157455,11.8808911997528 -72.0907471954256,11.880832682715 -72.0908071671094,11.8627407962952 -72.1091753762301,11.8627992217235 -72.1091166157455,11.8808911997528</coordinates></LinearRing></outerBoundaryIs></Polygon></MultiGeometry>
  </Placemark>
  <Placemark id="cuadricula.130">
	<Style><LineStyle><color>ff0000ff</color></LineStyle><PolyStyle><fill>0</fill></PolyStyle></Style>
	<ExtendedData><SchemaData schemaUrl="#cuadricula">
		<SimpleData name="Sector">130</SimpleData>
	</SchemaData></ExtendedData>
      <MultiGeometry><Polygon><outerBoundaryIs><LinearRing><coordinates>-72.1091753762301,11.8627992217235 -72.0908071671094,11.8627407962952 -72.0908670408166,11.8446488864894 -72.1092340407167,11.8447072203197 -72.1091753762301,11.8627992217235</coordinates></LinearRing></outerBoundaryIs></Polygon></MultiGeometry>
  </Placemark>
  <Placemark id="cuadricula.131">
	<Style><LineStyle><color>ff0000ff</color></LineStyle><PolyStyle><fill>0</fill></PolyStyle></Style>
	<ExtendedData><SchemaData schemaUrl="#cuadricula">
		<SimpleData name="Sector">131</SimpleData>
	</SchemaData></ExtendedData>
      <MultiGeometry><Polygon><outerBoundaryIs><LinearRing><coordinates>-72.1092340407167,11.8447072203197 -72.0908670408166,11.8446488864894 -72.0909268165781,11.8265569533311 -72.1092926092357,11.8266151955752 -72.1092340407167,11.8447072203197</coordinates></LinearRing></outerBoundaryIs></Polygon></MultiGeometry>
  </Placemark>
  <Placemark id="cuadricula.132">
	<Style><LineStyle><color>ff0000ff</color></LineStyle><PolyStyle><fill>0</fill></PolyStyle></Style>
	<ExtendedData><SchemaData schemaUrl="#cuadricula">
		<SimpleData name="Sector">132</SimpleData>
	</SchemaData></ExtendedData>
      <MultiGeometry><Polygon><outerBoundaryIs><LinearRing><coordinates>-72.1092926092357,11.8266151955752 -72.0909268165781,11.8265569533311 -72.0909864944249,11.8084649968542 -72.1093510818175,11.8085231475234 -72.1092926092357,11.8266151955752</coordinates></LinearRing></outerBoundaryIs></Polygon></MultiGeometry>
  </Placemark>
  <Placemark id="cuadricula.133">
	<Style><LineStyle><color>ff0000ff</color></LineStyle><PolyStyle><fill>0</fill></PolyStyle></Style>
	<ExtendedData><SchemaData schemaUrl="#cuadricula">
		<SimpleData name="Sector">133</SimpleData>
	</SchemaData></ExtendedData>
      <MultiGeometry><Polygon><outerBoundaryIs><LinearRing><coordinates>-72.0983105032624,11.7903961265252 -72.1094094584923,11.7904310761981 -72.1093510818175,11.8085231475234 -72.0909864944249,11.8084649968542 -72.0910327061545,11.7944349878703 -72.0983105032624,11.7903961265252</coordinates></LinearRing></outerBoundaryIs></Polygon></MultiGeometry>
  </Placemark>
  <Placemark id="cuadricula.134">
	<Style><LineStyle><color>ff0000ff</color></LineStyle><PolyStyle><fill>0</fill></PolyStyle></Style>
	<ExtendedData><SchemaData schemaUrl="#cuadricula">
		<SimpleData name="Sector">134</SimpleData>
	</SchemaData></ExtendedData>
      <MultiGeometry><Polygon><outerBoundaryIs><LinearRing><coordinates>-72.1094294612578,11.7842249782114 -72.1094094584923,11.7904310761981 -72.0983105032624,11.7903961265252 -72.1094294612578,11.7842249782114</coordinates></LinearRing></outerBoundaryIs></Polygon></MultiGeometry>
  </Placemark>
  <Placemark id="cuadricula.135">
	<Style><LineStyle><color>ff0000ff</color></LineStyle><PolyStyle><fill>0</fill></PolyStyle></Style>
	<ExtendedData><SchemaData schemaUrl="#cuadricula">
		<SimpleData name="Sector">135</SimpleData>
	</SchemaData></ExtendedData>
      <MultiGeometry><Polygon><outerBoundaryIs><LinearRing><coordinates>-72.0717160022747,12.0746292925037 -72.0717605400388,12.0616896069331 -72.0901420829952,12.0617502532855 -72.0901341893333,12.0640910554167 -72.0717160022747,12.0746292925037</coordinates></LinearRing></outerBoundaryIs></Polygon></MultiGeometry>
  </Placemark>
  <Placemark id="cuadricula.136">
	<Style><LineStyle><color>ff0000ff</color></LineStyle><PolyStyle><fill>0</fill></PolyStyle></Style>
	<ExtendedData><SchemaData schemaUrl="#cuadricula">
		<SimpleData name="Sector">136</SimpleData>
	</SchemaData></ExtendedData>
      <MultiGeometry><Polygon><outerBoundaryIs><LinearRing><coordinates>-72.0901420829952,12.0617502532855 -72.0717605400388,12.0616896069331 -72.0718227241994,12.0435980498201 -72.0902030361667,12.0436586025746 -72.0901420829952,12.0617502532855</coordinates></LinearRing></outerBoundaryIs></Polygon></MultiGeometry>
  </Placemark>
  <Placemark id="cuadricula.137">
	<Style><LineStyle><color>ff0000ff</color></LineStyle><PolyStyle><fill>0</fill></PolyStyle></Style>
	<ExtendedData><SchemaData schemaUrl="#cuadricula">
		<SimpleData name="Sector">137</SimpleData>
	</SchemaData></ExtendedData>
      <MultiGeometry><Polygon><outerBoundaryIs><LinearRing><coordinates>-72.0902030361667,12.0436586025746 -72.0718227241994,12.0435980498201 -72.0718848080846,12.025506468973 -72.0902638910478,12.0255669281417 -72.0902030361667,12.0436586025746</coordinates></LinearRing></outerBoundaryIs></Polygon></MultiGeometry>
  </Placemark>
  <Placemark id="cuadricula.138">
	<Style><LineStyle><color>ff0000ff</color></LineStyle><PolyStyle><fill>0</fill></PolyStyle></Style>
	<ExtendedData><SchemaData schemaUrl="#cuadricula">
		<SimpleData name="Sector">138</SimpleData>
	</SchemaData></ExtendedData>
      <MultiGeometry><Polygon><outerBoundaryIs><LinearRing><coordinates>-72.0902638910478,12.0255669281417 -72.0718848080846,12.025506468973 -72.0719467917268,12.0074148644256 -72.0903246476701,12.0074752300203 -72.0902638910478,12.0255669281417</coordinates></LinearRing></outerBoundaryIs></Polygon></MultiGeometry>
  </Placemark>
  <Placemark id="cuadricula.139">
	<Style><LineStyle><color>ff0000ff</color></LineStyle><PolyStyle><fill>0</fill></PolyStyle></Style>
	<ExtendedData><SchemaData schemaUrl="#cuadricula">
		<SimpleData name="Sector">139</SimpleData>
	</SchemaData></ExtendedData>
      <MultiGeometry><Polygon><outerBoundaryIs><LinearRing><coordinates>-72.0903246476701,12.0074752300203 -72.0719467917268,12.0074148644256 -72.0720086751581,11.9893232362112 -72.0903853060653,11.9893835082441 -72.0903246476701,12.0074752300203</coordinates></LinearRing></outerBoundaryIs></Polygon></MultiGeometry>
  </Placemark>
  <Placemark id="cuadricula.140">
	<Style><LineStyle><color>ff0000ff</color></LineStyle><PolyStyle><fill>0</fill></PolyStyle></Style>
	<ExtendedData><SchemaData schemaUrl="#cuadricula">
		<SimpleData name="Sector">140</SimpleData>
	</SchemaData></ExtendedData>
      <MultiGeometry><Polygon><outerBoundaryIs><LinearRing><coordinates>-72.0903853060653,11.9893835082441 -72.0720086751581,11.9893232362112 -72.0720704584106,11.9712315843636 -72.0904458662648,11.9712917628466 -72.0903853060653,11.9893835082441</coordinates></LinearRing></outerBoundaryIs></Polygon></MultiGeometry>
  </Placemark>
  <Placemark id="cuadricula.141">
	<Style><LineStyle><color>ff0000ff</color></LineStyle><PolyStyle><fill>0</fill></PolyStyle></Style>
	<ExtendedData><SchemaData schemaUrl="#cuadricula">
		<SimpleData name="Sector">141</SimpleData>
	</SchemaData></ExtendedData>
      <MultiGeometry><Polygon><outerBoundaryIs><LinearRing><coordinates>-72.0904458662648,11.9712917628466 -72.0720704584106,11.9712315843636 -72.0721321415165,11.9531399089163 -72.0905063283,11.9531999938613 -72.0904458662648,11.9712917628466</coordinates></LinearRing></outerBoundaryIs></Polygon></MultiGeometry>
  </Placemark>
  <Placemark id="cuadricula.142">
	<Style><LineStyle><color>ff0000ff</color></LineStyle><PolyStyle><fill>0</fill></PolyStyle></Style>
	<ExtendedData><SchemaData schemaUrl="#cuadricula">
		<SimpleData name="Sector">142</SimpleData>
	</SchemaData></ExtendedData>
      <MultiGeometry><Polygon><outerBoundaryIs><LinearRing><coordinates>-72.0905063283,11.9531999938613 -72.0721321415165,11.9531399089163 -72.0721937245078,11.9350482099029 -72.0905666922024,11.9351082013219 -72.0905063283,11.9531999938613</coordinates></LinearRing></outerBoundaryIs></Polygon></MultiGeometry>
  </Placemark>
  <Placemark id="cuadricula.143">
	<Style><LineStyle><color>ff0000ff</color></LineStyle><PolyStyle><fill>0</fill></PolyStyle></Style>
	<ExtendedData><SchemaData schemaUrl="#cuadricula">
		<SimpleData name="Sector">143</SimpleData>
	</SchemaData></ExtendedData>
      <MultiGeometry><Polygon><outerBoundaryIs><LinearRing><coordinates>-72.0905666922024,11.9351082013219 -72.0721937245078,11.9350482099029 -72.0722552074165,11.9169564873571 -72.0906269580033,11.917016385262 -72.0905666922024,11.9351082013219</coordinates></LinearRing></outerBoundaryIs></Polygon></MultiGeometry>
  </Placemark>
  <Placemark id="cuadricula.144">
	<Style><LineStyle><color>ff0000ff</color></LineStyle><PolyStyle><fill>0</fill></PolyStyle></Style>
	<ExtendedData><SchemaData schemaUrl="#cuadricula">
		<SimpleData name="Sector">144</SimpleData>
	</SchemaData></ExtendedData>
      <MultiGeometry><Polygon><outerBoundaryIs><LinearRing><coordinates>-72.0906269580033,11.917016385262 -72.0722552074165,11.9169564873571 -72.0723165902744,11.8988647413125 -72.0906871257339,11.8989245457152 -72.0906269580033,11.917016385262</coordinates></LinearRing></outerBoundaryIs></Polygon></MultiGeometry>
  </Placemark>
  <Placemark id="cuadricula.145">
	<Style><LineStyle><color>ff0000ff</color></LineStyle><PolyStyle><fill>0</fill></PolyStyle></Style>
	<ExtendedData><SchemaData schemaUrl="#cuadricula">
		<SimpleData name="Sector">145</SimpleData>
	</SchemaData></ExtendedData>
      <MultiGeometry><Polygon><outerBoundaryIs><LinearRing><coordinates>-72.0906871257339,11.8989245457152 -72.0723165902744,11.8988647413125 -72.0723778731135,11.8807729718027 -72.0907471954256,11.880832682715 -72.0906871257339,11.8989245457152</coordinates></LinearRing></outerBoundaryIs></Polygon></MultiGeometry>
  </Placemark>
  <Placemark id="cuadricula.146">
	<Style><LineStyle><color>ff0000ff</color></LineStyle><PolyStyle><fill>0</fill></PolyStyle></Style>
	<ExtendedData><SchemaData schemaUrl="#cuadricula">
		<SimpleData name="Sector">146</SimpleData>
	</SchemaData></ExtendedData>
      <MultiGeometry><Polygon><outerBoundaryIs><LinearRing><coordinates>-72.0907471954256,11.880832682715 -72.0723778731135,11.8807729718027 -72.0724390559654,11.8626811788614 -72.0908071671094,11.8627407962952 -72.0907471954256,11.880832682715</coordinates></LinearRing></outerBoundaryIs></Polygon></MultiGeometry>
  </Placemark>
  <Placemark id="cuadricula.147">
	<Style><LineStyle><color>ff0000ff</color></LineStyle><PolyStyle><fill>0</fill></PolyStyle></Style>
	<ExtendedData><SchemaData schemaUrl="#cuadricula">
		<SimpleData name="Sector">147</SimpleData>
	</SchemaData></ExtendedData>
      <MultiGeometry><Polygon><outerBoundaryIs><LinearRing><coordinates>-72.0908071671094,11.8627407962952 -72.0724390559654,11.8626811788614 -72.0725001388621,11.8445893625222 -72.0908670408166,11.8446488864894 -72.0908071671094,11.8627407962952</coordinates></LinearRing></outerBoundaryIs></Polygon></MultiGeometry>
  </Placemark>
  <Placemark id="cuadricula.148">
	<Style><LineStyle><color>ff0000ff</color></LineStyle><PolyStyle><fill>0</fill></PolyStyle></Style>
	<ExtendedData><SchemaData schemaUrl="#cuadricula">
		<SimpleData name="Sector">148</SimpleData>
	</SchemaData></ExtendedData>
      <MultiGeometry><Polygon><outerBoundaryIs><LinearRing><coordinates>-72.0908670408166,11.8446488864894 -72.0725001388621,11.8445893625222 -72.0725611218351,11.8264975228188 -72.0909268165781,11.8265569533311 -72.0908670408166,11.8446488864894</coordinates></LinearRing></outerBoundaryIs></Polygon></MultiGeometry>
  </Placemark>
  <Placemark id="cuadricula.149">
	<Style><LineStyle><color>ff0000ff</color></LineStyle><PolyStyle><fill>0</fill></PolyStyle></Style>
	<ExtendedData><SchemaData schemaUrl="#cuadricula">
		<SimpleData name="Sector">149</SimpleData>
	</SchemaData></ExtendedData>
      <MultiGeometry><Polygon><outerBoundaryIs><LinearRing><coordinates>-72.0909268165781,11.8265569533311 -72.0725611218351,11.8264975228188 -72.0726220049161,11.8084056597849 -72.0909864944249,11.8084649968542 -72.0909268165781,11.8265569533311</coordinates></LinearRing></outerBoundaryIs></Polygon></MultiGeometry>
  </Placemark>
  <Placemark id="cuadricula.150">
	<Style><LineStyle><color>ff0000ff</color></LineStyle><PolyStyle><fill>0</fill></PolyStyle></Style>
	<ExtendedData><SchemaData schemaUrl="#cuadricula">
		<SimpleData name="Sector">150</SimpleData>
	</SchemaData></ExtendedData>
      <MultiGeometry><Polygon><outerBoundaryIs><LinearRing><coordinates>-72.0910327061545,11.7944349878703 -72.0909864944249,11.8084649968542 -72.0726220049161,11.8084056597849 -72.0726346521822,11.8046437000966 -72.0910327061545,11.7944349878703</coordinates></LinearRing></outerBoundaryIs></Polygon></MultiGeometry>
  </Placemark>
  <Placemark id="cuadricula.151">
	<Style><LineStyle><color>ff0000ff</color></LineStyle><PolyStyle><fill>0</fill></PolyStyle></Style>
	<ExtendedData><SchemaData schemaUrl="#cuadricula">
		<SimpleData name="Sector">151</SimpleData>
	</SchemaData></ExtendedData>
      <MultiGeometry><Polygon><outerBoundaryIs><LinearRing><coordinates>-72.0532964359574,12.0851661967575 -72.0533155799796,12.0797191858976 -72.0627628967656,12.0797511775289 -72.0532964359574,12.0851661967575</coordinates></LinearRing></outerBoundaryIs></Polygon></MultiGeometry>
  </Placemark>
  <Placemark id="cuadricula.152">
	<Style><LineStyle><color>ff0000ff</color></LineStyle><PolyStyle><fill>0</fill></PolyStyle></Style>
	<ExtendedData><SchemaData schemaUrl="#cuadricula">
		<SimpleData name="Sector">152</SimpleData>
	</SchemaData></ExtendedData>
      <MultiGeometry><Polygon><outerBoundaryIs><LinearRing><coordinates>-72.0627628967656,12.0797511775289 -72.0533155799796,12.0797191858976 -72.0533790973901,12.0616277480337 -72.0717605400388,12.0616896069331 -72.0717160022747,12.0746292925037 -72.0627628967656,12.0797511775289</coordinates></LinearRing></outerBoundaryIs></Polygon></MultiGeometry>
  </Placemark>
  <Placemark id="cuadricula.153">
	<Style><LineStyle><color>ff0000ff</color></LineStyle><PolyStyle><fill>0</fill></PolyStyle></Style>
	<ExtendedData><SchemaData schemaUrl="#cuadricula">
		<SimpleData name="Sector">153</SimpleData>
	</SchemaData></ExtendedData>
      <MultiGeometry><Polygon><outerBoundaryIs><LinearRing><coordinates>-72.0717605400388,12.0616896069331 -72.0533790973901,12.0616277480337 -72.0534425125074,12.04353628639 -72.0718227241994,12.0435980498201 -72.0717605400388,12.0616896069331</coordinates></LinearRing></outerBoundaryIs></Polygon></MultiGeometry>
  </Placemark>
  <Placemark id="cuadricula.154">
	<Style><LineStyle><color>ff0000ff</color></LineStyle><PolyStyle><fill>0</fill></PolyStyle></Style>
	<ExtendedData><SchemaData schemaUrl="#cuadricula">
		<SimpleData name="Sector">154</SimpleData>
	</SchemaData></ExtendedData>
      <MultiGeometry><Polygon><outerBoundaryIs><LinearRing><coordinates>-72.0718227241994,12.0435980498201 -72.0534425125074,12.04353628639 -72.0535058253645,12.0254448009999 -72.0718848080846,12.025506468973 -72.0718227241994,12.0435980498201</coordinates></LinearRing></outerBoundaryIs></Polygon></MultiGeometry>
  </Placemark>
  <Placemark id="cuadricula.155">
	<Style><LineStyle><color>ff0000ff</color></LineStyle><PolyStyle><fill>0</fill></PolyStyle></Style>
	<ExtendedData><SchemaData schemaUrl="#cuadricula">
		<SimpleData name="Sector">155</SimpleData>
	</SchemaData></ExtendedData>
      <MultiGeometry><Polygon><outerBoundaryIs><LinearRing><coordinates>-72.0718848080846,12.025506468973 -72.0535058253645,12.0254448009999 -72.0535690359943,12.0073532918971 -72.0719467917268,12.0074148644256 -72.0718848080846,12.025506468973</coordinates></LinearRing></outerBoundaryIs></Polygon></MultiGeometry>
  </Placemark>
  <Placemark id="cuadricula.156">
	<Style><LineStyle><color>ff0000ff</color></LineStyle><PolyStyle><fill>0</fill></PolyStyle></Style>
	<ExtendedData><SchemaData schemaUrl="#cuadricula">
		<SimpleData name="Sector">156</SimpleData>
	</SchemaData></ExtendedData>
      <MultiGeometry><Polygon><outerBoundaryIs><LinearRing><coordinates>-72.0719467917268,12.0074148644256 -72.0535690359943,12.0073532918971 -72.0536321444296,11.9892617591152 -72.0720086751581,11.9893232362112 -72.0719467917268,12.0074148644256</coordinates></LinearRing></outerBoundaryIs></Polygon></MultiGeometry>
  </Placemark>
  <Placemark id="cuadricula.157">
	<Style><LineStyle><color>ff0000ff</color></LineStyle><PolyStyle><fill>0</fill></PolyStyle></Style>
	<ExtendedData><SchemaData schemaUrl="#cuadricula">
		<SimpleData name="Sector">157</SimpleData>
	</SchemaData></ExtendedData>
      <MultiGeometry><Polygon><outerBoundaryIs><LinearRing><coordinates>-72.0720086751581,11.9893232362112 -72.0536321444296,11.9892617591152 -72.0536951507031,11.9711702026879 -72.0720704584106,11.9712315843636 -72.0720086751581,11.9893232362112</coordinates></LinearRing></outerBoundaryIs></Polygon></MultiGeometry>
  </Placemark>
  <Placemark id="cuadricula.158">
	<Style><LineStyle><color>ff0000ff</color></LineStyle><PolyStyle><fill>0</fill></PolyStyle></Style>
	<ExtendedData><SchemaData schemaUrl="#cuadricula">
		<SimpleData name="Sector">158</SimpleData>
	</SchemaData></ExtendedData>
      <MultiGeometry><Polygon><outerBoundaryIs><LinearRing><coordinates>-72.0720704584106,11.9712315843636 -72.0536951507031,11.9711702026879 -72.0537580548477,11.9530786226486 -72.0721321415165,11.9531399089163 -72.0720704584106,11.9712315843636</coordinates></LinearRing></outerBoundaryIs></Polygon></MultiGeometry>
  </Placemark>
  <Placemark id="cuadricula.159">
	<Style><LineStyle><color>ff0000ff</color></LineStyle><PolyStyle><fill>0</fill></PolyStyle></Style>
	<ExtendedData><SchemaData schemaUrl="#cuadricula">
		<SimpleData name="Sector">159</SimpleData>
	</SchemaData></ExtendedData>
      <MultiGeometry><Polygon><outerBoundaryIs><LinearRing><coordinates>-72.0721321415165,11.9531399089163 -72.0537580548477,11.9530786226486 -72.0538208568959,11.9349870190312 -72.0721937245078,11.9350482099029 -72.0721321415165,11.9531399089163</coordinates></LinearRing></outerBoundaryIs></Polygon></MultiGeometry>
  </Placemark>
  <Placemark id="cuadricula.160">
	<Style><LineStyle><color>ff0000ff</color></LineStyle><PolyStyle><fill>0</fill></PolyStyle></Style>
	<ExtendedData><SchemaData schemaUrl="#cuadricula">
		<SimpleData name="Sector">160</SimpleData>
	</SchemaData></ExtendedData>
      <MultiGeometry><Polygon><outerBoundaryIs><LinearRing><coordinates>-72.0721937245078,11.9350482099029 -72.0538208568959,11.9349870190312 -72.0538835568804,11.9168953918691 -72.0722552074165,11.9169564873571 -72.0721937245078,11.9350482099029</coordinates></LinearRing></outerBoundaryIs></Polygon></MultiGeometry>
  </Placemark>
  <Placemark id="cuadricula.161">
	<Style><LineStyle><color>ff0000ff</color></LineStyle><PolyStyle><fill>0</fill></PolyStyle></Style>
	<ExtendedData><SchemaData schemaUrl="#cuadricula">
		<SimpleData name="Sector">161</SimpleData>
	</SchemaData></ExtendedData>
      <MultiGeometry><Polygon><outerBoundaryIs><LinearRing><coordinates>-72.0722552074165,11.9169564873571 -72.0538835568804,11.9168953918691 -72.0539461548338,11.8988037411962 -72.0723165902744,11.8988647413125 -72.0722552074165,11.9169564873571</coordinates></LinearRing></outerBoundaryIs></Polygon></MultiGeometry>
  </Placemark>
  <Placemark id="cuadricula.162">
	<Style><LineStyle><color>ff0000ff</color></LineStyle><PolyStyle><fill>0</fill></PolyStyle></Style>
	<ExtendedData><SchemaData schemaUrl="#cuadricula">
		<SimpleData name="Sector">162</SimpleData>
	</SchemaData></ExtendedData>
      <MultiGeometry><Polygon><outerBoundaryIs><LinearRing><coordinates>-72.0723165902744,11.8988647413125 -72.0539461548338,11.8988037411962 -72.0540086507884,11.8807120670459 -72.0723778731135,11.8807729718027 -72.0723165902744,11.8988647413125</coordinates></LinearRing></outerBoundaryIs></Polygon></MultiGeometry>
  </Placemark>
  <Placemark id="cuadricula.163">
	<Style><LineStyle><color>ff0000ff</color></LineStyle><PolyStyle><fill>0</fill></PolyStyle></Style>
	<ExtendedData><SchemaData schemaUrl="#cuadricula">
		<SimpleData name="Sector">163</SimpleData>
	</SchemaData></ExtendedData>
      <MultiGeometry><Polygon><outerBoundaryIs><LinearRing><coordinates>-72.0723778731135,11.8807729718027 -72.0540086507884,11.8807120670459 -72.0540710447767,11.862620369452 -72.0724390559654,11.8626811788614 -72.0723778731135,11.8807729718027</coordinates></LinearRing></outerBoundaryIs></Polygon></MultiGeometry>
  </Placemark>
  <Placemark id="cuadricula.164">
	<Style><LineStyle><color>ff0000ff</color></LineStyle><PolyStyle><fill>0</fill></PolyStyle></Style>
	<ExtendedData><SchemaData schemaUrl="#cuadricula">
		<SimpleData name="Sector">164</SimpleData>
	</SchemaData></ExtendedData>
      <MultiGeometry><Polygon><outerBoundaryIs><LinearRing><coordinates>-72.0724390559654,11.8626811788614 -72.0540710447767,11.862620369452 -72.0541333368312,11.8445286484483 -72.0725001388621,11.8445893625222 -72.0724390559654,11.8626811788614</coordinates></LinearRing></outerBoundaryIs></Polygon></MultiGeometry>
  </Placemark>
  <Placemark id="cuadricula.165">
	<Style><LineStyle><color>ff0000ff</color></LineStyle><PolyStyle><fill>0</fill></PolyStyle></Style>
	<ExtendedData><SchemaData schemaUrl="#cuadricula">
		<SimpleData name="Sector">165</SimpleData>
	</SchemaData></ExtendedData>
      <MultiGeometry><Polygon><outerBoundaryIs><LinearRing><coordinates>-72.0725001388621,11.8445893625222 -72.0541333368312,11.8445286484483 -72.0541955269841,11.8264369040682 -72.0725611218351,11.8264975228188 -72.0725001388621,11.8445893625222</coordinates></LinearRing></outerBoundaryIs></Polygon></MultiGeometry>
  </Placemark>
  <Placemark id="cuadricula.166">
	<Style><LineStyle><color>ff0000ff</color></LineStyle><PolyStyle><fill>0</fill></PolyStyle></Style>
	<ExtendedData><SchemaData schemaUrl="#cuadricula">
		<SimpleData name="Sector">166</SimpleData>
	</SchemaData></ExtendedData>
      <MultiGeometry><Polygon><outerBoundaryIs><LinearRing><coordinates>-72.0658936835338,11.8083836230273 -72.0726220049161,11.8084056597849 -72.0725611218351,11.8264975228188 -72.0541955269841,11.8264369040682 -72.0542352994548,11.8148511117222 -72.0658936835338,11.8083836230273</coordinates></LinearRing></outerBoundaryIs></Polygon></MultiGeometry>
  </Placemark>
  <Placemark id="cuadricula.167">
	<Style><LineStyle><color>ff0000ff</color></LineStyle><PolyStyle><fill>0</fill></PolyStyle></Style>
	<ExtendedData><SchemaData schemaUrl="#cuadricula">
		<SimpleData name="Sector">167</SimpleData>
	</SchemaData></ExtendedData>
      <MultiGeometry><Polygon><outerBoundaryIs><LinearRing><coordinates>-72.0726346521822,11.8046437000966 -72.0726220049161,11.8084056597849 -72.0658936835338,11.8083836230273 -72.0726346521822,11.8046437000966</coordinates></LinearRing></outerBoundaryIs></Polygon></MultiGeometry>
  </Placemark>
  <Placemark id="cuadricula.168">
	<Style><LineStyle><color>ff0000ff</color></LineStyle><PolyStyle><fill>0</fill></PolyStyle></Style>
	<ExtendedData><SchemaData schemaUrl="#cuadricula">
		<SimpleData name="Sector">168</SimpleData>
	</SchemaData></ExtendedData>
      <MultiGeometry><Polygon><outerBoundaryIs><LinearRing><coordinates>-72.0348754903734,12.0957017649004 -72.0349330067147,12.0796560171297 -72.0533155799796,12.0797191858976 -72.0532964359574,12.0851661967575 -72.0348754903734,12.0957017649004</coordinates></LinearRing></outerBoundaryIs></Polygon></MultiGeometry>
  </Placemark>
  <Placemark id="cuadricula.169">
	<Style><LineStyle><color>ff0000ff</color></LineStyle><PolyStyle><fill>0</fill></PolyStyle></Style>
	<ExtendedData><SchemaData schemaUrl="#cuadricula">
		<SimpleData name="Sector">169</SimpleData>
	</SchemaData></ExtendedData>
      <MultiGeometry><Polygon><outerBoundaryIs><LinearRing><coordinates>-72.0533155799796,12.0797191858976 -72.0349330067147,12.0796560171297 -72.0349977570345,12.0615646766188 -72.0533790973901,12.0616277480337 -72.0533155799796,12.0797191858976</coordinates></LinearRing></outerBoundaryIs></Polygon></MultiGeometry>
  </Placemark>
  <Placemark id="cuadricula.170">
	<Style><LineStyle><color>ff0000ff</color></LineStyle><PolyStyle><fill>0</fill></PolyStyle></Style>
	<ExtendedData><SchemaData schemaUrl="#cuadricula">
		<SimpleData name="Sector">170</SimpleData>
	</SchemaData></ExtendedData>
      <MultiGeometry><Polygon><outerBoundaryIs><LinearRing><coordinates>-72.0533790973901,12.0616277480337 -72.0349977570345,12.0615646766188 -72.0350624030757,12.0434733123155 -72.0534425125074,12.04353628639 -72.0533790973901,12.0616277480337</coordinates></LinearRing></outerBoundaryIs></Polygon></MultiGeometry>
  </Placemark>
  <Placemark id="cuadricula.171">
	<Style><LineStyle><color>ff0000ff</color></LineStyle><PolyStyle><fill>0</fill></PolyStyle></Style>
	<ExtendedData><SchemaData schemaUrl="#cuadricula">
		<SimpleData name="Sector">171</SimpleData>
	</SchemaData></ExtendedData>
      <MultiGeometry><Polygon><outerBoundaryIs><LinearRing><coordinates>-72.0534425125074,12.04353628639 -72.0350624030757,12.0434733123155 -72.0351269448717,12.0253819242535 -72.0535058253645,12.0254448009999 -72.0534425125074,12.04353628639</coordinates></LinearRing></outerBoundaryIs></Polygon></MultiGeometry>
  </Placemark>
  <Placemark id="cuadricula.172">
	<Style><LineStyle><color>ff0000ff</color></LineStyle><PolyStyle><fill>0</fill></PolyStyle></Style>
	<ExtendedData><SchemaData schemaUrl="#cuadricula">
		<SimpleData name="Sector">172</SimpleData>
	</SchemaData></ExtendedData>
      <MultiGeometry><Polygon><outerBoundaryIs><LinearRing><coordinates>-72.0535058253645,12.0254448009999 -72.0351269448717,12.0253819242535 -72.0351913824563,12.0072905124662 -72.0535690359943,12.0073532918971 -72.0535058253645,12.0254448009999</coordinates></LinearRing></outerBoundaryIs></Polygon></MultiGeometry>
  </Placemark>
  <Placemark id="cuadricula.173">
	<Style><LineStyle><color>ff0000ff</color></LineStyle><PolyStyle><fill>0</fill></PolyStyle></Style>
	<ExtendedData><SchemaData schemaUrl="#cuadricula">
		<SimpleData name="Sector">173</SimpleData>
	</SchemaData></ExtendedData>
      <MultiGeometry><Polygon><outerBoundaryIs><LinearRing><coordinates>-72.0535690359943,12.0073532918971 -72.0351913824563,12.0072905124662 -72.0352557158628,11.9891990769873 -72.0536321444296,11.9892617591152 -72.0535690359943,12.0073532918971</coordinates></LinearRing></outerBoundaryIs></Polygon></MultiGeometry>
  </Placemark>
  <Placemark id="cuadricula.174">
	<Style><LineStyle><color>ff0000ff</color></LineStyle><PolyStyle><fill>0</fill></PolyStyle></Style>
	<ExtendedData><SchemaData schemaUrl="#cuadricula">
		<SimpleData name="Sector">174</SimpleData>
	</SchemaData></ExtendedData>
      <MultiGeometry><Polygon><outerBoundaryIs><LinearRing><coordinates>-72.0536321444296,11.9892617591152 -72.0352557158628,11.9891990769873 -72.0353199451246,11.9711076178506 -72.0536951507031,11.9711702026879 -72.0536321444296,11.9892617591152</coordinates></LinearRing></outerBoundaryIs></Polygon></MultiGeometry>
  </Placemark>
  <Placemark id="cuadricula.175">
	<Style><LineStyle><color>ff0000ff</color></LineStyle><PolyStyle><fill>0</fill></PolyStyle></Style>
	<ExtendedData><SchemaData schemaUrl="#cuadricula">
		<SimpleData name="Sector">175</SimpleData>
	</SchemaData></ExtendedData>
      <MultiGeometry><Polygon><outerBoundaryIs><LinearRing><coordinates>-72.0536951507031,11.9711702026879 -72.0353199451246,11.9711076178506 -72.0353840702752,11.9530161350895 -72.0537580548477,11.9530786226486 -72.0536951507031,11.9711702026879</coordinates></LinearRing></outerBoundaryIs></Polygon></MultiGeometry>
  </Placemark>
  <Placemark id="cuadricula.176">
	<Style><LineStyle><color>ff0000ff</color></LineStyle><PolyStyle><fill>0</fill></PolyStyle></Style>
	<ExtendedData><SchemaData schemaUrl="#cuadricula">
		<SimpleData name="Sector">176</SimpleData>
	</SchemaData></ExtendedData>
      <MultiGeometry><Polygon><outerBoundaryIs><LinearRing><coordinates>-72.0537580548477,11.9530786226486 -72.0353840702752,11.9530161350895 -72.0354480913477,11.9349246287378 -72.0538208568959,11.9349870190312 -72.0537580548477,11.9530786226486</coordinates></LinearRing></outerBoundaryIs></Polygon></MultiGeometry>
  </Placemark>
  <Placemark id="cuadricula.177">
	<Style><LineStyle><color>ff0000ff</color></LineStyle><PolyStyle><fill>0</fill></PolyStyle></Style>
	<ExtendedData><SchemaData schemaUrl="#cuadricula">
		<SimpleData name="Sector">177</SimpleData>
	</SchemaData></ExtendedData>
      <MultiGeometry><Polygon><outerBoundaryIs><LinearRing><coordinates>-72.0538208568959,11.9349870190312 -72.0354480913477,11.9349246287378 -72.0355120083755,11.9168330988291 -72.0538835568804,11.9168953918691 -72.0538208568959,11.9349870190312</coordinates></LinearRing></outerBoundaryIs></Polygon></MultiGeometry>
  </Placemark>
  <Placemark id="cuadricula.178">
	<Style><LineStyle><color>ff0000ff</color></LineStyle><PolyStyle><fill>0</fill></PolyStyle></Style>
	<ExtendedData><SchemaData schemaUrl="#cuadricula">
		<SimpleData name="Sector">178</SimpleData>
	</SchemaData></ExtendedData>
      <MultiGeometry><Polygon><outerBoundaryIs><LinearRing><coordinates>-72.0538835568804,11.9168953918691 -72.0355120083755,11.9168330988291 -72.0355758213918,11.8987415453972 -72.0539461548338,11.8988037411962 -72.0538835568804,11.9168953918691</coordinates></LinearRing></outerBoundaryIs></Polygon></MultiGeometry>
  </Placemark>
  <Placemark id="cuadricula.179">
	<Style><LineStyle><color>ff0000ff</color></LineStyle><PolyStyle><fill>0</fill></PolyStyle></Style>
	<ExtendedData><SchemaData schemaUrl="#cuadricula">
		<SimpleData name="Sector">179</SimpleData>
	</SchemaData></ExtendedData>
      <MultiGeometry><Polygon><outerBoundaryIs><LinearRing><coordinates>-72.0539461548338,11.8988037411962 -72.0355758213918,11.8987415453972 -72.0356395304295,11.8806499684756 -72.0540086507884,11.8807120670459 -72.0539461548338,11.8988037411962</coordinates></LinearRing></outerBoundaryIs></Polygon></MultiGeometry>
  </Placemark>
  <Placemark id="cuadricula.180">
	<Style><LineStyle><color>ff0000ff</color></LineStyle><PolyStyle><fill>0</fill></PolyStyle></Style>
	<ExtendedData><SchemaData schemaUrl="#cuadricula">
		<SimpleData name="Sector">180</SimpleData>
	</SchemaData></ExtendedData>
      <MultiGeometry><Polygon><outerBoundaryIs><LinearRing><coordinates>-72.0540086507884,11.8807120670459 -72.0356395304295,11.8806499684756 -72.0357031355219,11.862558368098 -72.0540710447767,11.862620369452 -72.0540086507884,11.8807120670459</coordinates></LinearRing></outerBoundaryIs></Polygon></MultiGeometry>
  </Placemark>
  <Placemark id="cuadricula.181">
	<Style><LineStyle><color>ff0000ff</color></LineStyle><PolyStyle><fill>0</fill></PolyStyle></Style>
	<ExtendedData><SchemaData schemaUrl="#cuadricula">
		<SimpleData name="Sector">181</SimpleData>
	</SchemaData></ExtendedData>
      <MultiGeometry><Polygon><outerBoundaryIs><LinearRing><coordinates>-72.0540710447767,11.862620369452 -72.0357031355219,11.862558368098 -72.0357666367019,11.8444667442983 -72.0541333368312,11.8445286484483 -72.0540710447767,11.862620369452</coordinates></LinearRing></outerBoundaryIs></Polygon></MultiGeometry>
  </Placemark>
  <Placemark id="cuadricula.182">
	<Style><LineStyle><color>ff0000ff</color></LineStyle><PolyStyle><fill>0</fill></PolyStyle></Style>
	<ExtendedData><SchemaData schemaUrl="#cuadricula">
		<SimpleData name="Sector">182</SimpleData>
	</SchemaData></ExtendedData>
      <MultiGeometry><Polygon><outerBoundaryIs><LinearRing><coordinates>-72.0541333368312,11.8445286484483 -72.0357666367019,11.8444667442983 -72.0358300340024,11.82637509711 -72.0541955269841,11.8264369040682 -72.0541333368312,11.8445286484483</coordinates></LinearRing></outerBoundaryIs></Polygon></MultiGeometry>
  </Placemark>
  <Placemark id="cuadricula.183">
	<Style><LineStyle><color>ff0000ff</color></LineStyle><PolyStyle><fill>0</fill></PolyStyle></Style>
	<ExtendedData><SchemaData schemaUrl="#cuadricula">
		<SimpleData name="Sector">183</SimpleData>
	</SchemaData></ExtendedData>
      <MultiGeometry><Polygon><outerBoundaryIs><LinearRing><coordinates>-72.0542352994548,11.8148511117222 -72.0541955269841,11.8264369040682 -72.0358300340024,11.82637509711 -72.0358346480875,11.8250572195791 -72.0542352994548,11.8148511117222</coordinates></LinearRing></outerBoundaryIs></Polygon></MultiGeometry>
  </Placemark>
  <Placemark id="cuadricula.184">
	<Style><LineStyle><color>ff0000ff</color></LineStyle><PolyStyle><fill>0</fill></PolyStyle></Style>
	<ExtendedData><SchemaData schemaUrl="#cuadricula">
		<SimpleData name="Sector">184</SimpleData>
	</SchemaData></ExtendedData>
      <MultiGeometry><Polygon><outerBoundaryIs><LinearRing><coordinates>-72.0164531655157,12.106235993655 -72.0164844482684,12.097682851454 -72.0313200752259,12.097734983384 -72.0164531655157,12.106235993655</coordinates></LinearRing></outerBoundaryIs></Polygon></MultiGeometry>
  </Placemark>
  <Placemark id="cuadricula.185">
	<Style><LineStyle><color>ff0000ff</color></LineStyle><PolyStyle><fill>0</fill></PolyStyle></Style>
	<ExtendedData><SchemaData schemaUrl="#cuadricula">
		<SimpleData name="Sector">185</SimpleData>
	</SchemaData></ExtendedData>
      <MultiGeometry><Polygon><outerBoundaryIs><LinearRing><coordinates>-72.0313200752259,12.097734983384 -72.0164844482684,12.097682851454 -72.0165505377622,12.0795916340065 -72.0349330067147,12.0796560171297 -72.0348754903734,12.0957017649004 -72.0313200752259,12.097734983384</coordinates></LinearRing></outerBoundaryIs></Polygon></MultiGeometry>
  </Placemark>
  <Placemark id="cuadricula.186">
	<Style><LineStyle><color>ff0000ff</color></LineStyle><PolyStyle><fill>0</fill></PolyStyle></Style>
	<ExtendedData><SchemaData schemaUrl="#cuadricula">
		<SimpleData name="Sector">186</SimpleData>
	</SchemaData></ExtendedData>
      <MultiGeometry><Polygon><outerBoundaryIs><LinearRing><coordinates>-72.0349330067147,12.0796560171297 -72.0165505377622,12.0795916340065 -72.0166165209576,12.0615003927202 -72.0349977570345,12.0615646766188 -72.0349330067147,12.0796560171297</coordinates></LinearRing></outerBoundaryIs></Polygon></MultiGeometry>
  </Placemark>
  <Placemark id="cuadricula.187">
	<Style><LineStyle><color>ff0000ff</color></LineStyle><PolyStyle><fill>0</fill></PolyStyle></Style>
	<ExtendedData><SchemaData schemaUrl="#cuadricula">
		<SimpleData name="Sector">187</SimpleData>
	</SchemaData></ExtendedData>
      <MultiGeometry><Polygon><outerBoundaryIs><LinearRing><coordinates>-72.0349977570345,12.0615646766188 -72.0166165209576,12.0615003927202 -72.016682397889,12.0434091276286 -72.0350624030757,12.0434733123155 -72.0349977570345,12.0615646766188</coordinates></LinearRing></outerBoundaryIs></Polygon></MultiGeometry>
  </Placemark>
  <Placemark id="cuadricula.188">
	<Style><LineStyle><color>ff0000ff</color></LineStyle><PolyStyle><fill>0</fill></PolyStyle></Style>
	<ExtendedData><SchemaData schemaUrl="#cuadricula">
		<SimpleData name="Sector">188</SimpleData>
	</SchemaData></ExtendedData>
      <MultiGeometry><Polygon><outerBoundaryIs><LinearRing><coordinates>-72.0350624030757,12.0434733123155 -72.016682397889,12.0434091276286 -72.0167481685905,12.0253178387655 -72.0351269448717,12.0253819242535 -72.0350624030757,12.0434733123155</coordinates></LinearRing></outerBoundaryIs></Polygon></MultiGeometry>
  </Placemark>
  <Placemark id="cuadricula.189">
	<Style><LineStyle><color>ff0000ff</color></LineStyle><PolyStyle><fill>0</fill></PolyStyle></Style>
	<ExtendedData><SchemaData schemaUrl="#cuadricula">
		<SimpleData name="Sector">189</SimpleData>
	</SchemaData></ExtendedData>
      <MultiGeometry><Polygon><outerBoundaryIs><LinearRing><coordinates>-72.0351269448717,12.0253819242535 -72.0167481685905,12.0253178387655 -72.0168138330964,12.0072265261645 -72.0351913824563,12.0072905124662 -72.0351269448717,12.0253819242535</coordinates></LinearRing></outerBoundaryIs></Polygon></MultiGeometry>
  </Placemark>
  <Placemark id="cuadricula.190">
	<Style><LineStyle><color>ff0000ff</color></LineStyle><PolyStyle><fill>0</fill></PolyStyle></Style>
	<ExtendedData><SchemaData schemaUrl="#cuadricula">
		<SimpleData name="Sector">190</SimpleData>
	</SchemaData></ExtendedData>
      <MultiGeometry><Polygon><outerBoundaryIs><LinearRing><coordinates>-72.0351913824563,12.0072905124662 -72.0168138330964,12.0072265261645 -72.0168793914406,11.9891351898592 -72.0352557158628,11.9891990769873 -72.0351913824563,12.0072905124662</coordinates></LinearRing></outerBoundaryIs></Polygon></MultiGeometry>
  </Placemark>
  <Placemark id="cuadricula.191">
	<Style><LineStyle><color>ff0000ff</color></LineStyle><PolyStyle><fill>0</fill></PolyStyle></Style>
	<ExtendedData><SchemaData schemaUrl="#cuadricula">
		<SimpleData name="Sector">191</SimpleData>
	</SchemaData></ExtendedData>
      <MultiGeometry><Polygon><outerBoundaryIs><LinearRing><coordinates>-72.0352557158628,11.9891990769873 -72.0168793914406,11.9891351898592 -72.0169448436574,11.9710438298833 -72.0353199451246,11.9711076178506 -72.0352557158628,11.9891990769873</coordinates></LinearRing></outerBoundaryIs></Polygon></MultiGeometry>
  </Placemark>
  <Placemark id="cuadricula.192">
	<Style><LineStyle><color>ff0000ff</color></LineStyle><PolyStyle><fill>0</fill></PolyStyle></Style>
	<ExtendedData><SchemaData schemaUrl="#cuadricula">
		<SimpleData name="Sector">192</SimpleData>
	</SchemaData></ExtendedData>
      <MultiGeometry><Polygon><outerBoundaryIs><LinearRing><coordinates>-72.0353199451246,11.9711076178506 -72.0169448436574,11.9710438298833 -72.0170101897806,11.9529524462704 -72.0353840702752,11.9530161350895 -72.0353199451246,11.9711076178506</coordinates></LinearRing></outerBoundaryIs></Polygon></MultiGeometry>
  </Placemark>
  <Placemark id="cuadricula.193">
	<Style><LineStyle><color>ff0000ff</color></LineStyle><PolyStyle><fill>0</fill></PolyStyle></Style>
	<ExtendedData><SchemaData schemaUrl="#cuadricula">
		<SimpleData name="Sector">193</SimpleData>
	</SchemaData></ExtendedData>
      <MultiGeometry><Polygon><outerBoundaryIs><LinearRing><coordinates>-72.0353840702752,11.9530161350895 -72.0170101897806,11.9529524462704 -72.0170754298443,11.9348610390543 -72.0354480913477,11.9349246287378 -72.0353840702752,11.9530161350895</coordinates></LinearRing></outerBoundaryIs></Polygon></MultiGeometry>
  </Placemark>
  <Placemark id="cuadricula.194">
	<Style><LineStyle><color>ff0000ff</color></LineStyle><PolyStyle><fill>0</fill></PolyStyle></Style>
	<ExtendedData><SchemaData schemaUrl="#cuadricula">
		<SimpleData name="Sector">194</SimpleData>
	</SchemaData></ExtendedData>
      <MultiGeometry><Polygon><outerBoundaryIs><LinearRing><coordinates>-72.0354480913477,11.9349246287378 -72.0170754298443,11.9348610390543 -72.0171405638822,11.9167696082685 -72.0355120083755,11.9168330988291 -72.0354480913477,11.9349246287378</coordinates></LinearRing></outerBoundaryIs></Polygon></MultiGeometry>
  </Placemark>
  <Placemark id="cuadricula.195">
	<Style><LineStyle><color>ff0000ff</color></LineStyle><PolyStyle><fill>0</fill></PolyStyle></Style>
	<ExtendedData><SchemaData schemaUrl="#cuadricula">
		<SimpleData name="Sector">195</SimpleData>
	</SchemaData></ExtendedData>
      <MultiGeometry><Polygon><outerBoundaryIs><LinearRing><coordinates>-72.0355120083755,11.9168330988291 -72.0171405638822,11.9167696082685 -72.0172055919283,11.8986781539469 -72.0355758213918,11.8987415453972 -72.0355120083755,11.9168330988291</coordinates></LinearRing></outerBoundaryIs></Polygon></MultiGeometry>
  </Placemark>
  <Placemark id="cuadricula.196">
	<Style><LineStyle><color>ff0000ff</color></LineStyle><PolyStyle><fill>0</fill></PolyStyle></Style>
	<ExtendedData><SchemaData schemaUrl="#cuadricula">
		<SimpleData name="Sector">196</SimpleData>
	</SchemaData></ExtendedData>
      <MultiGeometry><Polygon><outerBoundaryIs><LinearRing><coordinates>-72.0355758213918,11.8987415453972 -72.0172055919283,11.8986781539469 -72.0172705140161,11.880586676123 -72.0356395304295,11.8806499684756 -72.0355758213918,11.8987415453972</coordinates></LinearRing></outerBoundaryIs></Polygon></MultiGeometry>
  </Placemark>
  <Placemark id="cuadricula.197">
	<Style><LineStyle><color>ff0000ff</color></LineStyle><PolyStyle><fill>0</fill></PolyStyle></Style>
	<ExtendedData><SchemaData schemaUrl="#cuadricula">
		<SimpleData name="Sector">197</SimpleData>
	</SchemaData></ExtendedData>
      <MultiGeometry><Polygon><outerBoundaryIs><LinearRing><coordinates>-72.0356395304295,11.8806499684756 -72.0172705140161,11.880586676123 -72.0173353301795,11.8624951748307 -72.0357031355219,11.862558368098 -72.0356395304295,11.8806499684756</coordinates></LinearRing></outerBoundaryIs></Polygon></MultiGeometry>
  </Placemark>
  <Placemark id="cuadricula.198">
	<Style><LineStyle><color>ff0000ff</color></LineStyle><PolyStyle><fill>0</fill></PolyStyle></Style>
	<ExtendedData><SchemaData schemaUrl="#cuadricula">
		<SimpleData name="Sector">198</SimpleData>
	</SchemaData></ExtendedData>
      <MultiGeometry><Polygon><outerBoundaryIs><LinearRing><coordinates>-72.0357031355219,11.862558368098 -72.0173353301795,11.8624951748307 -72.017400040452,11.8444036501036 -72.0357666367019,11.8444667442983 -72.0357031355219,11.862558368098</coordinates></LinearRing></outerBoundaryIs></Polygon></MultiGeometry>
  </Placemark>
  <Placemark id="cuadricula.199">
	<Style><LineStyle><color>ff0000ff</color></LineStyle><PolyStyle><fill>0</fill></PolyStyle></Style>
	<ExtendedData><SchemaData schemaUrl="#cuadricula">
		<SimpleData name="Sector">199</SimpleData>
	</SchemaData></ExtendedData>
      <MultiGeometry><Polygon><outerBoundaryIs><LinearRing><coordinates>-72.0334728318932,11.8263670781531 -72.0358300340024,11.82637509711 -72.0357666367019,11.8444667442983 -72.017400040452,11.8444036501036 -72.0174326981961,11.8352620204999 -72.0334728318932,11.8263670781531</coordinates></LinearRing></outerBoundaryIs></Polygon></MultiGeometry>
  </Placemark>
  <Placemark id="cuadricula.200">
	<Style><LineStyle><color>ff0000ff</color></LineStyle><PolyStyle><fill>0</fill></PolyStyle></Style>
	<ExtendedData><SchemaData schemaUrl="#cuadricula">
		<SimpleData name="Sector">200</SimpleData>
	</SchemaData></ExtendedData>
      <MultiGeometry><Polygon><outerBoundaryIs><LinearRing><coordinates>-72.0358346480875,11.8250572195791 -72.0358300340024,11.82637509711 -72.0334728318932,11.8263670781531 -72.0358346480875,11.8250572195791</coordinates></LinearRing></outerBoundaryIs></Polygon></MultiGeometry>
  </Placemark>
  <Placemark id="cuadricula.201">
	<Style><LineStyle><color>ff0000ff</color></LineStyle><PolyStyle><fill>0</fill></PolyStyle></Style>
	<ExtendedData><SchemaData schemaUrl="#cuadricula">
		<SimpleData name="Sector">201</SimpleData>
	</SchemaData></ExtendedData>
      <MultiGeometry><Polygon><outerBoundaryIs><LinearRing><coordinates>-71.9980294613786,12.1167688797443 -71.9980334181464,12.1157082453524 -71.9998732350344,12.1157148849574 -71.9980294613786,12.1167688797443</coordinates></LinearRing></outerBoundaryIs></Polygon></MultiGeometry>
  </Placemark>
  <Placemark id="cuadricula.202">
	<Style><LineStyle><color>ff0000ff</color></LineStyle><PolyStyle><fill>0</fill></PolyStyle></Style>
	<ExtendedData><SchemaData schemaUrl="#cuadricula">
		<SimpleData name="Sector">202</SimpleData>
	</SchemaData></ExtendedData>
      <MultiGeometry><Polygon><outerBoundaryIs><LinearRing><coordinates>-71.9998732350344,12.1157148849574 -71.9980334181464,12.1157082453524 -71.9981008507869,12.0976171528994 -72.0164844482684,12.097682851454 -72.0164531655157,12.106235993655 -71.9998732350344,12.1157148849574</coordinates></LinearRing></outerBoundaryIs></Polygon></MultiGeometry>
  </Placemark>
  <Placemark id="cuadricula.203">
	<Style><LineStyle><color>ff0000ff</color></LineStyle><PolyStyle><fill>0</fill></PolyStyle></Style>
	<ExtendedData><SchemaData schemaUrl="#cuadricula">
		<SimpleData name="Sector">203</SimpleData>
	</SchemaData></ExtendedData>
      <MultiGeometry><Polygon><outerBoundaryIs><LinearRing><coordinates>-72.0164844482684,12.097682851454 -71.9981008507869,12.0976171528994 -71.998168175108,12.0795260365608 -72.0165505377622,12.0795916340065 -72.0164844482684,12.097682851454</coordinates></LinearRing></outerBoundaryIs></Polygon></MultiGeometry>
  </Placemark>
  <Placemark id="cuadricula.204">
	<Style><LineStyle><color>ff0000ff</color></LineStyle><PolyStyle><fill>0</fill></PolyStyle></Style>
	<ExtendedData><SchemaData schemaUrl="#cuadricula">
		<SimpleData name="Sector">204</SimpleData>
	</SchemaData></ExtendedData>
      <MultiGeometry><Polygon><outerBoundaryIs><LinearRing><coordinates>-72.0165505377622,12.0795916340065 -71.998168175108,12.0795260365608 -71.9982353911448,12.0614348963704 -72.0166165209576,12.0615003927202 -72.0165505377622,12.0795916340065</coordinates></LinearRing></outerBoundaryIs></Polygon></MultiGeometry>
  </Placemark>
  <Placemark id="cuadricula.205">
	<Style><LineStyle><color>ff0000ff</color></LineStyle><PolyStyle><fill>0</fill></PolyStyle></Style>
	<ExtendedData><SchemaData schemaUrl="#cuadricula">
		<SimpleData name="Sector">205</SimpleData>
	</SchemaData></ExtendedData>
      <MultiGeometry><Polygon><outerBoundaryIs><LinearRing><coordinates>-72.0166165209576,12.0615003927202 -71.9982353911448,12.0614348963704 -71.9983024989321,12.0433437323617 -72.016682397889,12.0434091276286 -72.0166165209576,12.0615003927202</coordinates></LinearRing></outerBoundaryIs></Polygon></MultiGeometry>
  </Placemark>
  <Placemark id="cuadricula.206">
	<Style><LineStyle><color>ff0000ff</color></LineStyle><PolyStyle><fill>0</fill></PolyStyle></Style>
	<ExtendedData><SchemaData schemaUrl="#cuadricula">
		<SimpleData name="Sector">206</SimpleData>
	</SchemaData></ExtendedData>
      <MultiGeometry><Polygon><outerBoundaryIs><LinearRing><coordinates>-72.016682397889,12.0434091276286 -71.9983024989321,12.0433437323617 -71.9983694985049,12.0252525445686 -72.0167481685905,12.0253178387655 -72.016682397889,12.0434091276286</coordinates></LinearRing></outerBoundaryIs></Polygon></MultiGeometry>
  </Placemark>
  <Placemark id="cuadricula.207">
	<Style><LineStyle><color>ff0000ff</color></LineStyle><PolyStyle><fill>0</fill></PolyStyle></Style>
	<ExtendedData><SchemaData schemaUrl="#cuadricula">
		<SimpleData name="Sector">207</SimpleData>
	</SchemaData></ExtendedData>
      <MultiGeometry><Polygon><outerBoundaryIs><LinearRing><coordinates>-72.0167481685905,12.0253178387655 -71.9983694985049,12.0252525445686 -71.9984363898979,12.0071613330245 -72.0168138330964,12.0072265261645 -72.0167481685905,12.0253178387655</coordinates></LinearRing></outerBoundaryIs></Polygon></MultiGeometry>
  </Placemark>
  <Placemark id="cuadricula.208">
	<Style><LineStyle><color>ff0000ff</color></LineStyle><PolyStyle><fill>0</fill></PolyStyle></Style>
	<ExtendedData><SchemaData schemaUrl="#cuadricula">
		<SimpleData name="Sector">208</SimpleData>
	</SchemaData></ExtendedData>
      <MultiGeometry><Polygon><outerBoundaryIs><LinearRing><coordinates>-72.0168138330964,12.0072265261645 -71.9984363898979,12.0071613330245 -71.998503173146,11.9890700977632 -72.0168793914406,11.9891351898592 -72.0168138330964,12.0072265261645</coordinates></LinearRing></outerBoundaryIs></Polygon></MultiGeometry>
  </Placemark>
  <Placemark id="cuadricula.209">
	<Style><LineStyle><color>ff0000ff</color></LineStyle><PolyStyle><fill>0</fill></PolyStyle></Style>
	<ExtendedData><SchemaData schemaUrl="#cuadricula">
		<SimpleData name="Sector">209</SimpleData>
	</SchemaData></ExtendedData>
      <MultiGeometry><Polygon><outerBoundaryIs><LinearRing><coordinates>-72.0168793914406,11.9891351898592 -71.998503173146,11.9890700977632 -71.9985698482837,11.9709788388183 -72.0169448436574,11.9710438298833 -72.0168793914406,11.9891351898592</coordinates></LinearRing></outerBoundaryIs></Polygon></MultiGeometry>
  </Placemark>
  <Placemark id="cuadricula.210">
	<Style><LineStyle><color>ff0000ff</color></LineStyle><PolyStyle><fill>0</fill></PolyStyle></Style>
	<ExtendedData><SchemaData schemaUrl="#cuadricula">
		<SimpleData name="Sector">210</SimpleData>
	</SchemaData></ExtendedData>
      <MultiGeometry><Polygon><outerBoundaryIs><LinearRing><coordinates>-72.0169448436574,11.9710438298833 -71.9985698482837,11.9709788388183 -71.9986364153457,11.9528875562236 -72.0170101897806,11.9529524462704 -72.0169448436574,11.9710438298833</coordinates></LinearRing></outerBoundaryIs></Polygon></MultiGeometry>
  </Placemark>
  <Placemark id="cuadricula.211">
	<Style><LineStyle><color>ff0000ff</color></LineStyle><PolyStyle><fill>0</fill></PolyStyle></Style>
	<ExtendedData><SchemaData schemaUrl="#cuadricula">
		<SimpleData name="Sector">211</SimpleData>
	</SchemaData></ExtendedData>
      <MultiGeometry><Polygon><outerBoundaryIs><LinearRing><coordinates>-72.0170101897806,11.9529524462704 -71.9986364153457,11.9528875562236 -71.9987028743666,11.9347962500127 -72.0170754298443,11.9348610390543 -72.0170101897806,11.9529524462704</coordinates></LinearRing></outerBoundaryIs></Polygon></MultiGeometry>
  </Placemark>
  <Placemark id="cuadricula.212">
	<Style><LineStyle><color>ff0000ff</color></LineStyle><PolyStyle><fill>0</fill></PolyStyle></Style>
	<ExtendedData><SchemaData schemaUrl="#cuadricula">
		<SimpleData name="Sector">212</SimpleData>
	</SchemaData></ExtendedData>
      <MultiGeometry><Polygon><outerBoundaryIs><LinearRing><coordinates>-72.0170754298443,11.9348610390543 -71.9987028743666,11.9347962500127 -71.9987692253808,11.9167049202194 -72.0171405638822,11.9167696082685 -72.0170754298443,11.9348610390543</coordinates></LinearRing></outerBoundaryIs></Polygon></MultiGeometry>
  </Placemark>
  <Placemark id="cuadricula.213">
	<Style><LineStyle><color>ff0000ff</color></LineStyle><PolyStyle><fill>0</fill></PolyStyle></Style>
	<ExtendedData><SchemaData schemaUrl="#cuadricula">
		<SimpleData name="Sector">213</SimpleData>
	</SchemaData></ExtendedData>
      <MultiGeometry><Polygon><outerBoundaryIs><LinearRing><coordinates>-72.0171405638822,11.9167696082685 -71.9987692253808,11.9167049202194 -71.9988354684229,11.8986135668773 -72.0172055919283,11.8986781539469 -72.0171405638822,11.9167696082685</coordinates></LinearRing></outerBoundaryIs></Polygon></MultiGeometry>
  </Placemark>
  <Placemark id="cuadricula.214">
	<Style><LineStyle><color>ff0000ff</color></LineStyle><PolyStyle><fill>0</fill></PolyStyle></Style>
	<ExtendedData><SchemaData schemaUrl="#cuadricula">
		<SimpleData name="Sector">214</SimpleData>
	</SchemaData></ExtendedData>
      <MultiGeometry><Polygon><outerBoundaryIs><LinearRing><coordinates>-72.0172055919283,11.8986781539469 -71.9988354684229,11.8986135668773 -71.9989016035271,11.8805221900202 -72.0172705140161,11.880586676123 -72.0172055919283,11.8986781539469</coordinates></LinearRing></outerBoundaryIs></Polygon></MultiGeometry>
  </Placemark>
  <Placemark id="cuadricula.215">
	<Style><LineStyle><color>ff0000ff</color></LineStyle><PolyStyle><fill>0</fill></PolyStyle></Style>
	<ExtendedData><SchemaData schemaUrl="#cuadricula">
		<SimpleData name="Sector">215</SimpleData>
	</SchemaData></ExtendedData>
      <MultiGeometry><Polygon><outerBoundaryIs><LinearRing><coordinates>-72.0172705140161,11.880586676123 -71.9989016035271,11.8805221900202 -71.9989676307279,11.8624307896819 -72.0173353301795,11.8624951748307 -72.0172705140161,11.880586676123</coordinates></LinearRing></outerBoundaryIs></Polygon></MultiGeometry>
  </Placemark>
  <Placemark id="cuadricula.216">
	<Style><LineStyle><color>ff0000ff</color></LineStyle><PolyStyle><fill>0</fill></PolyStyle></Style>
	<ExtendedData><SchemaData schemaUrl="#cuadricula">
		<SimpleData name="Sector">216</SimpleData>
	</SchemaData></ExtendedData>
      <MultiGeometry><Polygon><outerBoundaryIs><LinearRing><coordinates>-72.0010479489735,11.8443464745748 -72.017400040452,11.8444036501036 -72.0173353301795,11.8624951748307 -71.9989676307279,11.8624307896819 -71.9990294498978,11.845465511317 -72.0010479489735,11.8443464745748</coordinates></LinearRing></outerBoundaryIs></Polygon></MultiGeometry>
  </Placemark>
  <Placemark id="cuadricula.217">
	<Style><LineStyle><color>ff0000ff</color></LineStyle><PolyStyle><fill>0</fill></PolyStyle></Style>
	<ExtendedData><SchemaData schemaUrl="#cuadricula">
		<SimpleData name="Sector">217</SimpleData>
	</SchemaData></ExtendedData>
      <MultiGeometry><Polygon><outerBoundaryIs><LinearRing><coordinates>-72.0174326981961,11.8352620204999 -72.017400040452,11.8444036501036 -72.0010479489735,11.8443464745748 -72.0174326981961,11.8352620204999</coordinates></LinearRing></outerBoundaryIs></Polygon></MultiGeometry>
  </Placemark>
  <Placemark id="cuadricula.218">
	<Style><LineStyle><color>ff0000ff</color></LineStyle><PolyStyle><fill>0</fill></PolyStyle></Style>
	<ExtendedData><SchemaData schemaUrl="#cuadricula">
		<SimpleData name="Sector">218</SimpleData>
	</SchemaData></ExtendedData>
      <MultiGeometry><Polygon><outerBoundaryIs><LinearRing><coordinates>-71.9796043779571,12.1273004198912 -71.9796486922053,12.1156412276429 -71.9980334181464,12.1157082453524 -71.9980294613786,12.1167688797443 -71.9796043779571,12.1273004198912</coordinates></LinearRing></outerBoundaryIs></Polygon></MultiGeometry>
  </Placemark>
  <Placemark id="cuadricula.219">
	<Style><LineStyle><color>ff0000ff</color></LineStyle><PolyStyle><fill>0</fill></PolyStyle></Style>
	<ExtendedData><SchemaData schemaUrl="#cuadricula">
		<SimpleData name="Sector">219</SimpleData>
	</SchemaData></ExtendedData>
      <MultiGeometry><Polygon><outerBoundaryIs><LinearRing><coordinates>-71.9980334181464,12.1157082453524 -71.9796486922053,12.1156412276429 -71.9797173616247,12.0975502381837 -71.9981008507869,12.0976171528994 -71.9980334181464,12.1157082453524</coordinates></LinearRing></outerBoundaryIs></Polygon></MultiGeometry>
  </Placemark>
  <Placemark id="cuadricula.220">
	<Style><LineStyle><color>ff0000ff</color></LineStyle><PolyStyle><fill>0</fill></PolyStyle></Style>
	<ExtendedData><SchemaData schemaUrl="#cuadricula">
		<SimpleData name="Sector">220</SimpleData>
	</SchemaData></ExtendedData>
      <MultiGeometry><Polygon><outerBoundaryIs><LinearRing><coordinates>-71.9981008507869,12.0976171528994 -71.9797173616247,12.0975502381837 -71.9797859207382,12.0794592248257 -71.998168175108,12.0795260365608 -71.9981008507869,12.0976171528994</coordinates></LinearRing></outerBoundaryIs></Polygon></MultiGeometry>
  </Placemark>
  <Placemark id="cuadricula.221">
	<Style><LineStyle><color>ff0000ff</color></LineStyle><PolyStyle><fill>0</fill></PolyStyle></Style>
	<ExtendedData><SchemaData schemaUrl="#cuadricula">
		<SimpleData name="Sector">221</SimpleData>
	</SchemaData></ExtendedData>
      <MultiGeometry><Polygon><outerBoundaryIs><LinearRing><coordinates>-71.998168175108,12.0795260365608 -71.9797859207382,12.0794592248257 -71.9798543695814,12.0613681876025 -71.9982353911448,12.0614348963704 -71.998168175108,12.0795260365608</coordinates></LinearRing></outerBoundaryIs></Polygon></MultiGeometry>
  </Placemark>
  <Placemark id="cuadricula.222">
	<Style><LineStyle><color>ff0000ff</color></LineStyle><PolyStyle><fill>0</fill></PolyStyle></Style>
	<ExtendedData><SchemaData schemaUrl="#cuadricula">
		<SimpleData name="Sector">222</SimpleData>
	</SchemaData></ExtendedData>
      <MultiGeometry><Polygon><outerBoundaryIs><LinearRing><coordinates>-71.9982353911448,12.0614348963704 -71.9798543695814,12.0613681876025 -71.9799227081898,12.0432771265479 -71.9983024989321,12.0433437323617 -71.9982353911448,12.0614348963704</coordinates></LinearRing></outerBoundaryIs></Polygon></MultiGeometry>
  </Placemark>
  <Placemark id="cuadricula.223">
	<Style><LineStyle><color>ff0000ff</color></LineStyle><PolyStyle><fill>0</fill></PolyStyle></Style>
	<ExtendedData><SchemaData schemaUrl="#cuadricula">
		<SimpleData name="Sector">223</SimpleData>
	</SchemaData></ExtendedData>
      <MultiGeometry><Polygon><outerBoundaryIs><LinearRing><coordinates>-71.9983024989321,12.0433437323617 -71.9799227081898,12.0432771265479 -71.9799909365991,12.0251860416955 -71.9983694985049,12.0252525445686 -71.9983024989321,12.0433437323617</coordinates></LinearRing></outerBoundaryIs></Polygon></MultiGeometry>
  </Placemark>
  <Placemark id="cuadricula.224">
	<Style><LineStyle><color>ff0000ff</color></LineStyle><PolyStyle><fill>0</fill></PolyStyle></Style>
	<ExtendedData><SchemaData schemaUrl="#cuadricula">
		<SimpleData name="Sector">224</SimpleData>
	</SchemaData></ExtendedData>
      <MultiGeometry><Polygon><outerBoundaryIs><LinearRing><coordinates>-71.9983694985049,12.0252525445686 -71.9799909365991,12.0251860416955 -71.9800590548445,12.007094933079 -71.9984363898979,12.0071613330245 -71.9983694985049,12.0252525445686</coordinates></LinearRing></outerBoundaryIs></Polygon></MultiGeometry>
  </Placemark>
  <Placemark id="cuadricula.225">
	<Style><LineStyle><color>ff0000ff</color></LineStyle><PolyStyle><fill>0</fill></PolyStyle></Style>
	<ExtendedData><SchemaData schemaUrl="#cuadricula">
		<SimpleData name="Sector">225</SimpleData>
	</SchemaData></ExtendedData>
      <MultiGeometry><Polygon><outerBoundaryIs><LinearRing><coordinates>-71.9984363898979,12.0071613330245 -71.9800590548445,12.007094933079 -71.9801270629616,11.9890038007321 -71.998503173146,11.9890700977632 -71.9984363898979,12.0071613330245</coordinates></LinearRing></outerBoundaryIs></Polygon></MultiGeometry>
  </Placemark>
  <Placemark id="cuadricula.226">
	<Style><LineStyle><color>ff0000ff</color></LineStyle><PolyStyle><fill>0</fill></PolyStyle></Style>
	<ExtendedData><SchemaData schemaUrl="#cuadricula">
		<SimpleData name="Sector">226</SimpleData>
	</SchemaData></ExtendedData>
      <MultiGeometry><Polygon><outerBoundaryIs><LinearRing><coordinates>-71.998503173146,11.9890700977632 -71.9801270629616,11.9890038007321 -71.9801949609856,11.9709126446885 -71.9985698482837,11.9709788388183 -71.998503173146,11.9890700977632</coordinates></LinearRing></outerBoundaryIs></Polygon></MultiGeometry>
  </Placemark>
  <Placemark id="cuadricula.227">
	<Style><LineStyle><color>ff0000ff</color></LineStyle><PolyStyle><fill>0</fill></PolyStyle></Style>
	<ExtendedData><SchemaData schemaUrl="#cuadricula">
		<SimpleData name="Sector">227</SimpleData>
	</SchemaData></ExtendedData>
      <MultiGeometry><Polygon><outerBoundaryIs><LinearRing><coordinates>-71.9985698482837,11.9709788388183 -71.9801949609856,11.9709126446885 -71.9802627489518,11.9528214649819 -71.9986364153457,11.9528875562236 -71.9985698482837,11.9709788388183</coordinates></LinearRing></outerBoundaryIs></Polygon></MultiGeometry>
  </Placemark>
  <Placemark id="cuadricula.228">
	<Style><LineStyle><color>ff0000ff</color></LineStyle><PolyStyle><fill>0</fill></PolyStyle></Style>
	<ExtendedData><SchemaData schemaUrl="#cuadricula">
		<SimpleData name="Sector">228</SimpleData>
	</SchemaData></ExtendedData>
      <MultiGeometry><Polygon><outerBoundaryIs><LinearRing><coordinates>-71.9986364153457,11.9528875562236 -71.9802627489518,11.9528214649819 -71.9803304268955,11.934730261646 -71.9987028743666,11.9347962500127 -71.9986364153457,11.9528875562236</coordinates></LinearRing></outerBoundaryIs></Polygon></MultiGeometry>
  </Placemark>
  <Placemark id="cuadricula.229">
	<Style><LineStyle><color>ff0000ff</color></LineStyle><PolyStyle><fill>0</fill></PolyStyle></Style>
	<ExtendedData><SchemaData schemaUrl="#cuadricula">
		<SimpleData name="Sector">229</SimpleData>
	</SchemaData></ExtendedData>
      <MultiGeometry><Polygon><outerBoundaryIs><LinearRing><coordinates>-71.9987028743666,11.9347962500127 -71.9803304268955,11.934730261646 -71.9803979948516,11.9166390347145 -71.9987692253808,11.9167049202194 -71.9987028743666,11.9347962500127</coordinates></LinearRing></outerBoundaryIs></Polygon></MultiGeometry>
  </Placemark>
  <Placemark id="cuadricula.230">
	<Style><LineStyle><color>ff0000ff</color></LineStyle><PolyStyle><fill>0</fill></PolyStyle></Style>
	<ExtendedData><SchemaData schemaUrl="#cuadricula">
		<SimpleData name="Sector">230</SimpleData>
	</SchemaData></ExtendedData>
      <MultiGeometry><Polygon><outerBoundaryIs><LinearRing><coordinates>-71.9987692253808,11.9167049202194 -71.9803979948516,11.9166390347145 -71.9804654528553,11.8985477842212 -71.9988354684229,11.8986135668773 -71.9987692253808,11.9167049202194</coordinates></LinearRing></outerBoundaryIs></Polygon></MultiGeometry>
  </Placemark>
  <Placemark id="cuadricula.231">
	<Style><LineStyle><color>ff0000ff</color></LineStyle><PolyStyle><fill>0</fill></PolyStyle></Style>
	<ExtendedData><SchemaData schemaUrl="#cuadricula">
		<SimpleData name="Sector">231</SimpleData>
	</SchemaData></ExtendedData>
      <MultiGeometry><Polygon><outerBoundaryIs><LinearRing><coordinates>-71.9988354684229,11.8986135668773 -71.9804654528553,11.8985477842212 -71.9805328009417,11.8804565101999 -71.9989016035271,11.8805221900202 -71.9988354684229,11.8986135668773</coordinates></LinearRing></outerBoundaryIs></Polygon></MultiGeometry>
  </Placemark>
  <Placemark id="cuadricula.232">
	<Style><LineStyle><color>ff0000ff</color></LineStyle><PolyStyle><fill>0</fill></PolyStyle></Style>
	<ExtendedData><SchemaData schemaUrl="#cuadricula">
		<SimpleData name="Sector">232</SimpleData>
	</SchemaData></ExtendedData>
      <MultiGeometry><Polygon><outerBoundaryIs><LinearRing><coordinates>-71.9989016035271,11.8805221900202 -71.9805328009417,11.8804565101999 -71.9806000391456,11.8623652126842 -71.9989676307279,11.8624307896819 -71.9989016035271,11.8805221900202</coordinates></LinearRing></outerBoundaryIs></Polygon></MultiGeometry>
  </Placemark>
  <Placemark id="cuadricula.233">
	<Style><LineStyle><color>ff0000ff</color></LineStyle><PolyStyle><fill>0</fill></PolyStyle></Style>
	<ExtendedData><SchemaData schemaUrl="#cuadricula">
		<SimpleData name="Sector">233</SimpleData>
	</SchemaData></ExtendedData>
      <MultiGeometry><Polygon><outerBoundaryIs><LinearRing><coordinates>-71.9990294498978,11.845465511317 -71.9989676307279,11.8624307896819 -71.9806000391456,11.8623652126842 -71.9806249033104,11.8556676888633 -71.9990294498978,11.845465511317</coordinates></LinearRing></outerBoundaryIs></Polygon></MultiGeometry>
  </Placemark>
  <Placemark id="cuadricula.234">
	<Style><LineStyle><color>ff0000ff</color></LineStyle><PolyStyle><fill>0</fill></PolyStyle></Style>
	<ExtendedData><SchemaData schemaUrl="#cuadricula">
		<SimpleData name="Sector">234</SimpleData>
	</SchemaData></ExtendedData>
      <MultiGeometry><Polygon><outerBoundaryIs><LinearRing><coordinates>-71.9611779152474,12.137830610819 -71.9611940581145,12.133663852582 -71.9684223761647,12.1336908659516 -71.9611779152474,12.137830610819</coordinates></LinearRing></outerBoundaryIs></Polygon></MultiGeometry>
  </Placemark>
  <Placemark id="cuadricula.235">
	<Style><LineStyle><color>ff0000ff</color></LineStyle><PolyStyle><fill>0</fill></PolyStyle></Style>
	<ExtendedData><SchemaData schemaUrl="#cuadricula">
		<SimpleData name="Sector">235</SimpleData>
	</SchemaData></ExtendedData>
      <MultiGeometry><Polygon><outerBoundaryIs><LinearRing><coordinates>-71.9684223761647,12.1336908659516 -71.9611940581145,12.133663852582 -71.9612640766059,12.1155729919344 -71.9796486922053,12.1156412276429 -71.9796043779571,12.1273004198912 -71.9684223761647,12.1336908659516</coordinates></LinearRing></outerBoundaryIs></Polygon></MultiGeometry>
  </Placemark>
  <Placemark id="cuadricula.236">
	<Style><LineStyle><color>ff0000ff</color></LineStyle><PolyStyle><fill>0</fill></PolyStyle></Style>
	<ExtendedData><SchemaData schemaUrl="#cuadricula">
		<SimpleData name="Sector">236</SimpleData>
	</SchemaData></ExtendedData>
      <MultiGeometry><Polygon><outerBoundaryIs><LinearRing><coordinates>-71.9796486922053,12.1156412276429 -71.9612640766059,12.1155729919344 -71.9613339827685,12.0974821073408 -71.9797173616247,12.0975502381837 -71.9796486922053,12.1156412276429</coordinates></LinearRing></outerBoundaryIs></Polygon></MultiGeometry>
  </Placemark>
  <Placemark id="cuadricula.237">
	<Style><LineStyle><color>ff0000ff</color></LineStyle><PolyStyle><fill>0</fill></PolyStyle></Style>
	<ExtendedData><SchemaData schemaUrl="#cuadricula">
		<SimpleData name="Sector">237</SimpleData>
	</SchemaData></ExtendedData>
      <MultiGeometry><Polygon><outerBoundaryIs><LinearRing><coordinates>-71.9797173616247,12.0975502381837 -71.9613339827685,12.0974821073408 -71.9614037766387,12.0793911988349 -71.9797859207382,12.0794592248257 -71.9797173616247,12.0975502381837</coordinates></LinearRing></outerBoundaryIs></Polygon></MultiGeometry>
  </Placemark>
  <Placemark id="cuadricula.238">
	<Style><LineStyle><color>ff0000ff</color></LineStyle><PolyStyle><fill>0</fill></PolyStyle></Style>
	<ExtendedData><SchemaData schemaUrl="#cuadricula">
		<SimpleData name="Sector">238</SimpleData>
	</SchemaData></ExtendedData>
      <MultiGeometry><Polygon><outerBoundaryIs><LinearRing><coordinates>-71.9797859207382,12.0794592248257 -71.9614037766387,12.0793911988349 -71.9614734582527,12.0613002664504 -71.9798543695814,12.0613681876025 -71.9797859207382,12.0794592248257</coordinates></LinearRing></outerBoundaryIs></Polygon></MultiGeometry>
  </Placemark>
  <Placemark id="cuadricula.239">
	<Style><LineStyle><color>ff0000ff</color></LineStyle><PolyStyle><fill>0</fill></PolyStyle></Style>
	<ExtendedData><SchemaData schemaUrl="#cuadricula">
		<SimpleData name="Sector">239</SimpleData>
	</SchemaData></ExtendedData>
      <MultiGeometry><Polygon><outerBoundaryIs><LinearRing><coordinates>-71.9798543695814,12.0613681876025 -71.9614734582527,12.0613002664504 -71.9615430276468,12.0432093102209 -71.9799227081898,12.0432771265479 -71.9798543695814,12.0613681876025</coordinates></LinearRing></outerBoundaryIs></Polygon></MultiGeometry>
  </Placemark>
  <Placemark id="cuadricula.240">
	<Style><LineStyle><color>ff0000ff</color></LineStyle><PolyStyle><fill>0</fill></PolyStyle></Style>
	<ExtendedData><SchemaData schemaUrl="#cuadricula">
		<SimpleData name="Sector">240</SimpleData>
	</SchemaData></ExtendedData>
      <MultiGeometry><Polygon><outerBoundaryIs><LinearRing><coordinates>-71.9799227081898,12.0432771265479 -71.9615430276468,12.0432093102209 -71.961612484857,12.0251183301801 -71.9799909365991,12.0251860416955 -71.9799227081898,12.0432771265479</coordinates></LinearRing></outerBoundaryIs></Polygon></MultiGeometry>
  </Placemark>
  <Placemark id="cuadricula.241">
	<Style><LineStyle><color>ff0000ff</color></LineStyle><PolyStyle><fill>0</fill></PolyStyle></Style>
	<ExtendedData><SchemaData schemaUrl="#cuadricula">
		<SimpleData name="Sector">241</SimpleData>
	</SchemaData></ExtendedData>
      <MultiGeometry><Polygon><outerBoundaryIs><LinearRing><coordinates>-71.9799909365991,12.0251860416955 -71.961612484857,12.0251183301801 -71.9616818299195,12.0070273263618 -71.9800590548445,12.007094933079 -71.9799909365991,12.0251860416955</coordinates></LinearRing></outerBoundaryIs></Polygon></MultiGeometry>
  </Placemark>
  <Placemark id="cuadricula.242">
	<Style><LineStyle><color>ff0000ff</color></LineStyle><PolyStyle><fill>0</fill></PolyStyle></Style>
	<ExtendedData><SchemaData schemaUrl="#cuadricula">
		<SimpleData name="Sector">242</SimpleData>
	</SchemaData></ExtendedData>
      <MultiGeometry><Polygon><outerBoundaryIs><LinearRing><coordinates>-71.9800590548445,12.007094933079 -71.9616818299195,12.0070273263618 -71.9617510628703,11.9889362987996 -71.9801270629616,11.9890038007321 -71.9800590548445,12.007094933079</coordinates></LinearRing></outerBoundaryIs></Polygon></MultiGeometry>
  </Placemark>
  <Placemark id="cuadricula.243">
	<Style><LineStyle><color>ff0000ff</color></LineStyle><PolyStyle><fill>0</fill></PolyStyle></Style>
	<ExtendedData><SchemaData schemaUrl="#cuadricula">
		<SimpleData name="Sector">243</SimpleData>
	</SchemaData></ExtendedData>
      <MultiGeometry><Polygon><outerBoundaryIs><LinearRing><coordinates>-71.9801270629616,11.9890038007321 -71.9617510628703,11.9889362987996 -71.9618201837454,11.9708452475273 -71.9801949609856,11.9709126446885 -71.9801270629616,11.9890038007321</coordinates></LinearRing></outerBoundaryIs></Polygon></MultiGeometry>
  </Placemark>
  <Placemark id="cuadricula.244">
	<Style><LineStyle><color>ff0000ff</color></LineStyle><PolyStyle><fill>0</fill></PolyStyle></Style>
	<ExtendedData><SchemaData schemaUrl="#cuadricula">
		<SimpleData name="Sector">244</SimpleData>
	</SchemaData></ExtendedData>
      <MultiGeometry><Polygon><outerBoundaryIs><LinearRing><coordinates>-71.9801949609856,11.9709126446885 -71.9618201837454,11.9708452475273 -71.9618891925806,11.9527541725786 -71.9802627489518,11.9528214649819 -71.9801949609856,11.9709126446885</coordinates></LinearRing></outerBoundaryIs></Polygon></MultiGeometry>
  </Placemark>
  <Placemark id="cuadricula.245">
	<Style><LineStyle><color>ff0000ff</color></LineStyle><PolyStyle><fill>0</fill></PolyStyle></Style>
	<ExtendedData><SchemaData schemaUrl="#cuadricula">
		<SimpleData name="Sector">245</SimpleData>
	</SchemaData></ExtendedData>
      <MultiGeometry><Polygon><outerBoundaryIs><LinearRing><coordinates>-71.9802627489518,11.9528214649819 -71.9618891925806,11.9527541725786 -71.9619580894118,11.9346630739873 -71.9803304268955,11.934730261646 -71.9802627489518,11.9528214649819</coordinates></LinearRing></outerBoundaryIs></Polygon></MultiGeometry>
  </Placemark>
  <Placemark id="cuadricula.246">
	<Style><LineStyle><color>ff0000ff</color></LineStyle><PolyStyle><fill>0</fill></PolyStyle></Style>
	<ExtendedData><SchemaData schemaUrl="#cuadricula">
		<SimpleData name="Sector">246</SimpleData>
	</SchemaData></ExtendedData>
      <MultiGeometry><Polygon><outerBoundaryIs><LinearRing><coordinates>-71.9803304268955,11.934730261646 -71.9619580894118,11.9346630739873 -71.9620268742748,11.9165719517871 -71.9803979948516,11.9166390347145 -71.9803304268955,11.934730261646</coordinates></LinearRing></outerBoundaryIs></Polygon></MultiGeometry>
  </Placemark>
  <Placemark id="cuadricula.247">
	<Style><LineStyle><color>ff0000ff</color></LineStyle><PolyStyle><fill>0</fill></PolyStyle></Style>
	<ExtendedData><SchemaData schemaUrl="#cuadricula">
		<SimpleData name="Sector">247</SimpleData>
	</SchemaData></ExtendedData>
      <MultiGeometry><Polygon><outerBoundaryIs><LinearRing><coordinates>-71.9803979948516,11.9166390347145 -71.9620268742748,11.9165719517871 -71.9620955472051,11.8984808060118 -71.9804654528553,11.8985477842212 -71.9803979948516,11.9166390347145</coordinates></LinearRing></outerBoundaryIs></Polygon></MultiGeometry>
  </Placemark>
  <Placemark id="cuadricula.248">
	<Style><LineStyle><color>ff0000ff</color></LineStyle><PolyStyle><fill>0</fill></PolyStyle></Style>
	<ExtendedData><SchemaData schemaUrl="#cuadricula">
		<SimpleData name="Sector">248</SimpleData>
	</SchemaData></ExtendedData>
      <MultiGeometry><Polygon><outerBoundaryIs><LinearRing><coordinates>-71.9804654528553,11.8985477842212 -71.9620955472051,11.8984808060118 -71.9621641082386,11.8803896366951 -71.9805328009417,11.8804565101999 -71.9804654528553,11.8985477842212</coordinates></LinearRing></outerBoundaryIs></Polygon></MultiGeometry>
  </Placemark>
  <Placemark id="cuadricula.249">
	<Style><LineStyle><color>ff0000ff</color></LineStyle><PolyStyle><fill>0</fill></PolyStyle></Style>
	<ExtendedData><SchemaData schemaUrl="#cuadricula">
		<SimpleData name="Sector">249</SimpleData>
	</SchemaData></ExtendedData>
      <MultiGeometry><Polygon><outerBoundaryIs><LinearRing><coordinates>-71.9686190354178,11.862321794967 -71.9806000391456,11.8623652126842 -71.9805328009417,11.8804565101999 -71.9621641082386,11.8803896366951 -71.9622190585531,11.865868549972 -71.9686190354178,11.862321794967</coordinates></LinearRing></outerBoundaryIs></Polygon></MultiGeometry>
  </Placemark>
  <Placemark id="cuadricula.250">
	<Style><LineStyle><color>ff0000ff</color></LineStyle><PolyStyle><fill>0</fill></PolyStyle></Style>
	<ExtendedData><SchemaData schemaUrl="#cuadricula">
		<SimpleData name="Sector">250</SimpleData>
	</SchemaData></ExtendedData>
      <MultiGeometry><Polygon><outerBoundaryIs><LinearRing><coordinates>-71.9806249033104,11.8556676888633 -71.9806000391456,11.8623652126842 -71.9686190354178,11.862321794967 -71.9806249033104,11.8556676888633</coordinates></LinearRing></outerBoundaryIs></Polygon></MultiGeometry>
  </Placemark>
  <Placemark id="cuadricula.251">
	<Style><LineStyle><color>ff0000ff</color></LineStyle><PolyStyle><fill>0</fill></PolyStyle></Style>
	<ExtendedData><SchemaData schemaUrl="#cuadricula">
		<SimpleData name="Sector">251</SimpleData>
	</SchemaData></ExtendedData>
      <MultiGeometry><Polygon><outerBoundaryIs><LinearRing><coordinates>-71.9427500732469,12.1483594492512 -71.9428083161499,12.1335942921579 -71.9611940581145,12.133663852582 -71.9611779152474,12.137830610819 -71.9427500732469,12.1483594492512</coordinates></LinearRing></outerBoundaryIs></Polygon></MultiGeometry>
  </Placemark>
  <Placemark id="cuadricula.252">
	<Style><LineStyle><color>ff0000ff</color></LineStyle><PolyStyle><fill>0</fill></PolyStyle></Style>
	<ExtendedData><SchemaData schemaUrl="#cuadricula">
		<SimpleData name="Sector">252</SimpleData>
	</SchemaData></ExtendedData>
      <MultiGeometry><Polygon><outerBoundaryIs><LinearRing><coordinates>-71.9611940581145,12.133663852582 -71.9428083161499,12.1335942921579 -71.9428795733352,12.1155035382615 -71.9612640766059,12.1155729919344 -71.9611940581145,12.133663852582</coordinates></LinearRing></outerBoundaryIs></Polygon></MultiGeometry>
  </Placemark>
  <Placemark id="cuadricula.253">
	<Style><LineStyle><color>ff0000ff</color></LineStyle><PolyStyle><fill>0</fill></PolyStyle></Style>
	<ExtendedData><SchemaData schemaUrl="#cuadricula">
		<SimpleData name="Sector">253</SimpleData>
	</SchemaData></ExtendedData>
      <MultiGeometry><Polygon><outerBoundaryIs><LinearRing><coordinates>-71.9612640766059,12.1155729919344 -71.9428795733352,12.1155035382615 -71.9429507162047,12.0974127604053 -71.9613339827685,12.0974821073408 -71.9612640766059,12.1155729919344</coordinates></LinearRing></outerBoundaryIs></Polygon></MultiGeometry>
  </Placemark>
  <Placemark id="cuadricula.254">
	<Style><LineStyle><color>ff0000ff</color></LineStyle><PolyStyle><fill>0</fill></PolyStyle></Style>
	<ExtendedData><SchemaData schemaUrl="#cuadricula">
		<SimpleData name="Sector">254</SimpleData>
	</SchemaData></ExtendedData>
      <MultiGeometry><Polygon><outerBoundaryIs><LinearRing><coordinates>-71.9613339827685,12.0974821073408 -71.9429507162047,12.0974127604053 -71.9430217447953,12.079321958623 -71.9614037766387,12.0793911988349 -71.9613339827685,12.0974821073408</coordinates></LinearRing></outerBoundaryIs></Polygon></MultiGeometry>
  </Placemark>
  <Placemark id="cuadricula.255">
	<Style><LineStyle><color>ff0000ff</color></LineStyle><PolyStyle><fill>0</fill></PolyStyle></Style>
	<ExtendedData><SchemaData schemaUrl="#cuadricula">
		<SimpleData name="Sector">255</SimpleData>
	</SchemaData></ExtendedData>
      <MultiGeometry><Polygon><outerBoundaryIs><LinearRing><coordinates>-71.9614037766387,12.0793911988349 -71.9430217447953,12.079321958623 -71.943092659144,12.0612311329483 -71.9614734582527,12.0613002664504 -71.9614037766387,12.0793911988349</coordinates></LinearRing></outerBoundaryIs></Polygon></MultiGeometry>
  </Placemark>
  <Placemark id="cuadricula.256">
	<Style><LineStyle><color>ff0000ff</color></LineStyle><PolyStyle><fill>0</fill></PolyStyle></Style>
	<ExtendedData><SchemaData schemaUrl="#cuadricula">
		<SimpleData name="Sector">256</SimpleData>
	</SchemaData></ExtendedData>
      <MultiGeometry><Polygon><outerBoundaryIs><LinearRing><coordinates>-71.9614734582527,12.0613002664504 -71.943092659144,12.0612311329483 -71.9431634592875,12.0431402834149 -71.9615430276468,12.0432093102209 -71.9614734582527,12.0613002664504</coordinates></LinearRing></outerBoundaryIs></Polygon></MultiGeometry>
  </Placemark>
  <Placemark id="cuadricula.257">
	<Style><LineStyle><color>ff0000ff</color></LineStyle><PolyStyle><fill>0</fill></PolyStyle></Style>
	<ExtendedData><SchemaData schemaUrl="#cuadricula">
		<SimpleData name="Sector">257</SimpleData>
	</SchemaData></ExtendedData>
      <MultiGeometry><Polygon><outerBoundaryIs><LinearRing><coordinates>-71.9615430276468,12.0432093102209 -71.9431634592875,12.0431402834149 -71.9432341452626,12.0250494100565 -71.961612484857,12.0251183301801 -71.9615430276468,12.0432093102209</coordinates></LinearRing></outerBoundaryIs></Polygon></MultiGeometry>
  </Placemark>
  <Placemark id="cuadricula.258">
	<Style><LineStyle><color>ff0000ff</color></LineStyle><PolyStyle><fill>0</fill></PolyStyle></Style>
	<ExtendedData><SchemaData schemaUrl="#cuadricula">
		<SimpleData name="Sector">258</SimpleData>
	</SchemaData></ExtendedData>
      <MultiGeometry><Polygon><outerBoundaryIs><LinearRing><coordinates>-71.961612484857,12.0251183301801 -71.9432341452626,12.0250494100565 -71.9433047171062,12.0069585129069 -71.9616818299195,12.0070273263618 -71.961612484857,12.0251183301801</coordinates></LinearRing></outerBoundaryIs></Polygon></MultiGeometry>
  </Placemark>
  <Placemark id="cuadricula.259">
	<Style><LineStyle><color>ff0000ff</color></LineStyle><PolyStyle><fill>0</fill></PolyStyle></Style>
	<ExtendedData><SchemaData schemaUrl="#cuadricula">
		<SimpleData name="Sector">259</SimpleData>
	</SchemaData></ExtendedData>
      <MultiGeometry><Polygon><outerBoundaryIs><LinearRing><coordinates>-71.9616818299195,12.0070273263618 -71.9433047171062,12.0069585129069 -71.9433751748548,11.9888675919997 -71.9617510628703,11.9889362987996 -71.9616818299195,12.0070273263618</coordinates></LinearRing></outerBoundaryIs></Polygon></MultiGeometry>
  </Placemark>
  <Placemark id="cuadricula.260">
	<Style><LineStyle><color>ff0000ff</color></LineStyle><PolyStyle><fill>0</fill></PolyStyle></Style>
	<ExtendedData><SchemaData schemaUrl="#cuadricula">
		<SimpleData name="Sector">260</SimpleData>
	</SchemaData></ExtendedData>
      <MultiGeometry><Polygon><outerBoundaryIs><LinearRing><coordinates>-71.9617510628703,11.9889362987996 -71.9433751748548,11.9888675919997 -71.943445518545,11.9707766473688 -71.9618201837454,11.9708452475273 -71.9617510628703,11.9889362987996</coordinates></LinearRing></outerBoundaryIs></Polygon></MultiGeometry>
  </Placemark>
  <Placemark id="cuadricula.261">
	<Style><LineStyle><color>ff0000ff</color></LineStyle><PolyStyle><fill>0</fill></PolyStyle></Style>
	<ExtendedData><SchemaData schemaUrl="#cuadricula">
		<SimpleData name="Sector">261</SimpleData>
	</SchemaData></ExtendedData>
      <MultiGeometry><Polygon><outerBoundaryIs><LinearRing><coordinates>-71.9618201837454,11.9708452475273 -71.943445518545,11.9707766473688 -71.9435157482134,11.9526856790479 -71.9618891925806,11.9527541725786 -71.9618201837454,11.9708452475273</coordinates></LinearRing></outerBoundaryIs></Polygon></MultiGeometry>
  </Placemark>
  <Placemark id="cuadricula.262">
	<Style><LineStyle><color>ff0000ff</color></LineStyle><PolyStyle><fill>0</fill></PolyStyle></Style>
	<ExtendedData><SchemaData schemaUrl="#cuadricula">
		<SimpleData name="Sector">262</SimpleData>
	</SchemaData></ExtendedData>
      <MultiGeometry><Polygon><outerBoundaryIs><LinearRing><coordinates>-71.9618891925806,11.9527541725786 -71.9435157482134,11.9526856790479 -71.9435858638964,11.9345946870708 -71.9619580894118,11.9346630739873 -71.9618891925806,11.9527541725786</coordinates></LinearRing></outerBoundaryIs></Polygon></MultiGeometry>
  </Placemark>
  <Placemark id="cuadricula.263">
	<Style><LineStyle><color>ff0000ff</color></LineStyle><PolyStyle><fill>0</fill></PolyStyle></Style>
	<ExtendedData><SchemaData schemaUrl="#cuadricula">
		<SimpleData name="Sector">263</SimpleData>
	</SchemaData></ExtendedData>
      <MultiGeometry><Polygon><outerBoundaryIs><LinearRing><coordinates>-71.9619580894118,11.9346630739873 -71.9435858638964,11.9345946870708 -71.9436558656304,11.9165036714712 -71.9620268742748,11.9165719517871 -71.9619580894118,11.9346630739873</coordinates></LinearRing></outerBoundaryIs></Polygon></MultiGeometry>
  </Placemark>
  <Placemark id="cuadricula.264">
	<Style><LineStyle><color>ff0000ff</color></LineStyle><PolyStyle><fill>0</fill></PolyStyle></Style>
	<ExtendedData><SchemaData schemaUrl="#cuadricula">
		<SimpleData name="Sector">264</SimpleData>
	</SchemaData></ExtendedData>
      <MultiGeometry><Polygon><outerBoundaryIs><LinearRing><coordinates>-71.9620268742748,11.9165719517871 -71.9436558656304,11.9165036714712 -71.9437257534519,11.8984126322829 -71.9620955472051,11.8984808060118 -71.9620268742748,11.9165719517871</coordinates></LinearRing></outerBoundaryIs></Polygon></MultiGeometry>
  </Placemark>
  <Placemark id="cuadricula.265">
	<Style><LineStyle><color>ff0000ff</color></LineStyle><PolyStyle><fill>0</fill></PolyStyle></Style>
	<ExtendedData><SchemaData schemaUrl="#cuadricula">
		<SimpleData name="Sector">265</SimpleData>
	</SchemaData></ExtendedData>
      <MultiGeometry><Polygon><outerBoundaryIs><LinearRing><coordinates>-71.9620955472051,11.8984808060118 -71.9437257534519,11.8984126322829 -71.9437955273969,11.8803215695398 -71.9621641082386,11.8803896366951 -71.9620955472051,11.8984808060118</coordinates></LinearRing></outerBoundaryIs></Polygon></MultiGeometry>
  </Placemark>
  <Placemark id="cuadricula.266">
	<Style><LineStyle><color>ff0000ff</color></LineStyle><PolyStyle><fill>0</fill></PolyStyle></Style>
	<ExtendedData><SchemaData schemaUrl="#cuadricula">
		<SimpleData name="Sector">266</SimpleData>
	</SchemaData></ExtendedData>
      <MultiGeometry><Polygon><outerBoundaryIs><LinearRing><coordinates>-71.9622190585531,11.865868549972 -71.9621641082386,11.8803896366951 -71.9437955273969,11.8803215695398 -71.9438119157459,11.8760680914765 -71.9622190585531,11.865868549972</coordinates></LinearRing></outerBoundaryIs></Polygon></MultiGeometry>
  </Placemark>
  <Placemark id="cuadricula.267">
	<Style><LineStyle><color>ff0000ff</color></LineStyle><PolyStyle><fill>0</fill></PolyStyle></Style>
	<ExtendedData><SchemaData schemaUrl="#cuadricula">
		<SimpleData name="Sector">267</SimpleData>
	</SchemaData></ExtendedData>
      <MultiGeometry><Polygon><outerBoundaryIs><LinearRing><coordinates>-71.937830443812,12.1511699413894 -71.9272638874871,12.1335345295755 -71.9428083161499,12.1335942921579 -71.9427500732469,12.1483594492512 -71.937830443812,12.1511699413894</coordinates></LinearRing></outerBoundaryIs></Polygon></MultiGeometry>
  </Placemark>
  <Placemark id="cuadricula.268">
	<Style><LineStyle><color>ff0000ff</color></LineStyle><PolyStyle><fill>0</fill></PolyStyle></Style>
	<ExtendedData><SchemaData schemaUrl="#cuadricula">
		<SimpleData name="Sector">268</SimpleData>
	</SchemaData></ExtendedData>
      <MultiGeometry><Polygon><outerBoundaryIs><LinearRing><coordinates>-71.9244415338383,12.1288236405529 -71.9244951843804,12.1154328666594 -71.9428795733352,12.1155035382615 -71.9428083161499,12.1335942921579 -71.9272638874871,12.1335345295755 -71.9244415338383,12.1288236405529</coordinates></LinearRing></outerBoundaryIs></Polygon></MultiGeometry>
  </Placemark>
  <Placemark id="cuadricula.269">
	<Style><LineStyle><color>ff0000ff</color></LineStyle><PolyStyle><fill>0</fill></PolyStyle></Style>
	<ExtendedData><SchemaData schemaUrl="#cuadricula">
		<SimpleData name="Sector">269</SimpleData>
	</SchemaData></ExtendedData>
      <MultiGeometry><Polygon><outerBoundaryIs><LinearRing><coordinates>-71.9428795733352,12.1155035382615 -71.9244951843804,12.1154328666594 -71.9245675639198,12.0973421974122 -71.9429507162047,12.0974127604053 -71.9428795733352,12.1155035382615</coordinates></LinearRing></outerBoundaryIs></Polygon></MultiGeometry>
  </Placemark>
  <Placemark id="cuadricula.270">
	<Style><LineStyle><color>ff0000ff</color></LineStyle><PolyStyle><fill>0</fill></PolyStyle></Style>
	<ExtendedData><SchemaData schemaUrl="#cuadricula">
		<SimpleData name="Sector">270</SimpleData>
	</SchemaData></ExtendedData>
      <MultiGeometry><Polygon><outerBoundaryIs><LinearRing><coordinates>-71.9429507162047,12.0974127604053 -71.9245675639198,12.0973421974122 -71.9246398271939,12.079251504225 -71.9430217447953,12.079321958623 -71.9429507162047,12.0974127604053</coordinates></LinearRing></outerBoundaryIs></Polygon></MultiGeometry>
  </Placemark>
  <Placemark id="cuadricula.271">
	<Style><LineStyle><color>ff0000ff</color></LineStyle><PolyStyle><fill>0</fill></PolyStyle></Style>
	<ExtendedData><SchemaData schemaUrl="#cuadricula">
		<SimpleData name="Sector">271</SimpleData>
	</SchemaData></ExtendedData>
      <MultiGeometry><Polygon><outerBoundaryIs><LinearRing><coordinates>-71.9430217447953,12.079321958623 -71.9246398271939,12.079251504225 -71.9247119742403,12.0611607871313 -71.943092659144,12.0612311329483 -71.9430217447953,12.079321958623</coordinates></LinearRing></outerBoundaryIs></Polygon></MultiGeometry>
  </Placemark>
  <Placemark id="cuadricula.272">
	<Style><LineStyle><color>ff0000ff</color></LineStyle><PolyStyle><fill>0</fill></PolyStyle></Style>
	<ExtendedData><SchemaData schemaUrl="#cuadricula">
		<SimpleData name="Sector">272</SimpleData>
	</SchemaData></ExtendedData>
      <MultiGeometry><Polygon><outerBoundaryIs><LinearRing><coordinates>-71.943092659144,12.0612311329483 -71.9247119742403,12.0611607871313 -71.9247840050965,12.0430700461649 -71.9431634592875,12.0431402834149 -71.943092659144,12.0612311329483</coordinates></LinearRing></outerBoundaryIs></Polygon></MultiGeometry>
  </Placemark>
  <Placemark id="cuadricula.273">
	<Style><LineStyle><color>ff0000ff</color></LineStyle><PolyStyle><fill>0</fill></PolyStyle></Style>
	<ExtendedData><SchemaData schemaUrl="#cuadricula">
		<SimpleData name="Sector">273</SimpleData>
	</SchemaData></ExtendedData>
      <MultiGeometry><Polygon><outerBoundaryIs><LinearRing><coordinates>-71.9431634592875,12.0431402834149 -71.9247840050965,12.0430700461649 -71.9248559197999,12.0249792813596 -71.9432341452626,12.0250494100565 -71.9431634592875,12.0431402834149</coordinates></LinearRing></outerBoundaryIs></Polygon></MultiGeometry>
  </Placemark>
  <Placemark id="cuadricula.274">
	<Style><LineStyle><color>ff0000ff</color></LineStyle><PolyStyle><fill>0</fill></PolyStyle></Style>
	<ExtendedData><SchemaData schemaUrl="#cuadricula">
		<SimpleData name="Sector">274</SimpleData>
	</SchemaData></ExtendedData>
      <MultiGeometry><Polygon><outerBoundaryIs><LinearRing><coordinates>-71.9432341452626,12.0250494100565 -71.9248559197999,12.0249792813596 -71.9249277183878,12.0068884927492 -71.9433047171062,12.0069585129069 -71.9432341452626,12.0250494100565</coordinates></LinearRing></outerBoundaryIs></Polygon></MultiGeometry>
  </Placemark>
  <Placemark id="cuadricula.275">
	<Style><LineStyle><color>ff0000ff</color></LineStyle><PolyStyle><fill>0</fill></PolyStyle></Style>
	<ExtendedData><SchemaData schemaUrl="#cuadricula">
		<SimpleData name="Sector">275</SimpleData>
	</SchemaData></ExtendedData>
      <MultiGeometry><Polygon><outerBoundaryIs><LinearRing><coordinates>-71.9433047171062,12.0069585129069 -71.9249277183878,12.0068884927492 -71.9249994008975,11.9887976803673 -71.9433751748548,11.9888675919997 -71.9433047171062,12.0069585129069</coordinates></LinearRing></outerBoundaryIs></Polygon></MultiGeometry>
  </Placemark>
  <Placemark id="cuadricula.276">
	<Style><LineStyle><color>ff0000ff</color></LineStyle><PolyStyle><fill>0</fill></PolyStyle></Style>
	<ExtendedData><SchemaData schemaUrl="#cuadricula">
		<SimpleData name="Sector">276</SimpleData>
	</SchemaData></ExtendedData>
      <MultiGeometry><Polygon><outerBoundaryIs><LinearRing><coordinates>-71.9433751748548,11.9888675919997 -71.9249994008975,11.9887976803673 -71.9250709673664,11.9707068442478 -71.943445518545,11.9707766473688 -71.9433751748548,11.9888675919997</coordinates></LinearRing></outerBoundaryIs></Polygon></MultiGeometry>
  </Placemark>
  <Placemark id="cuadricula.277">
	<Style><LineStyle><color>ff0000ff</color></LineStyle><PolyStyle><fill>0</fill></PolyStyle></Style>
	<ExtendedData><SchemaData schemaUrl="#cuadricula">
		<SimpleData name="Sector">277</SimpleData>
	</SchemaData></ExtendedData>
      <MultiGeometry><Polygon><outerBoundaryIs><LinearRing><coordinates>-71.943445518545,11.9707766473688 -71.9250709673664,11.9707068442478 -71.9251424178315,11.9526159844244 -71.9435157482134,11.9526856790479 -71.943445518545,11.9707766473688</coordinates></LinearRing></outerBoundaryIs></Polygon></MultiGeometry>
  </Placemark>
  <Placemark id="cuadricula.278">
	<Style><LineStyle><color>ff0000ff</color></LineStyle><PolyStyle><fill>0</fill></PolyStyle></Style>
	<ExtendedData><SchemaData schemaUrl="#cuadricula">
		<SimpleData name="Sector">278</SimpleData>
	</SchemaData></ExtendedData>
      <MultiGeometry><Polygon><outerBoundaryIs><LinearRing><coordinates>-71.9435157482134,11.9526856790479 -71.9251424178315,11.9526159844244 -71.92521375233,11.934525100931 -71.9435858638964,11.9345946870708 -71.9435157482134,11.9526856790479</coordinates></LinearRing></outerBoundaryIs></Polygon></MultiGeometry>
  </Placemark>
  <Placemark id="cuadricula.279">
	<Style><LineStyle><color>ff0000ff</color></LineStyle><PolyStyle><fill>0</fill></PolyStyle></Style>
	<ExtendedData><SchemaData schemaUrl="#cuadricula">
		<SimpleData name="Sector">279</SimpleData>
	</SchemaData></ExtendedData>
      <MultiGeometry><Polygon><outerBoundaryIs><LinearRing><coordinates>-71.9435858638964,11.9345946870708 -71.92521375233,11.934525100931 -71.9252849708988,11.9164341938013 -71.9436558656304,11.9165036714712 -71.9435858638964,11.9345946870708</coordinates></LinearRing></outerBoundaryIs></Polygon></MultiGeometry>
  </Placemark>
  <Placemark id="cuadricula.280">
	<Style><LineStyle><color>ff0000ff</color></LineStyle><PolyStyle><fill>0</fill></PolyStyle></Style>
	<ExtendedData><SchemaData schemaUrl="#cuadricula">
		<SimpleData name="Sector">280</SimpleData>
	</SchemaData></ExtendedData>
      <MultiGeometry><Polygon><outerBoundaryIs><LinearRing><coordinates>-71.9436558656304,11.9165036714712 -71.9252849708988,11.9164341938013 -71.9253560735749,11.8983432630691 -71.9437257534519,11.8984126322829 -71.9436558656304,11.9165036714712</coordinates></LinearRing></outerBoundaryIs></Polygon></MultiGeometry>
  </Placemark>
  <Placemark id="cuadricula.281">
	<Style><LineStyle><color>ff0000ff</color></LineStyle><PolyStyle><fill>0</fill></PolyStyle></Style>
	<ExtendedData><SchemaData schemaUrl="#cuadricula">
		<SimpleData name="Sector">281</SimpleData>
	</SchemaData></ExtendedData>
      <MultiGeometry><Polygon><outerBoundaryIs><LinearRing><coordinates>-71.9361860918787,11.880293022007 -71.9437955273969,11.8803215695398 -71.9437257534519,11.8984126322829 -71.9253560735749,11.8983432630691 -71.9254034750099,11.8862663102102 -71.9361860918787,11.880293022007</coordinates></LinearRing></outerBoundaryIs></Polygon></MultiGeometry>
  </Placemark>
  <Placemark id="cuadricula.282">
	<Style><LineStyle><color>ff0000ff</color></LineStyle><PolyStyle><fill>0</fill></PolyStyle></Style>
	<ExtendedData><SchemaData schemaUrl="#cuadricula">
		<SimpleData name="Sector">282</SimpleData>
	</SchemaData></ExtendedData>
      <MultiGeometry><Polygon><outerBoundaryIs><LinearRing><coordinates>-71.9438119157459,11.8760680914765 -71.9437955273969,11.8803215695398 -71.9361860918787,11.880293022007 -71.9438119157459,11.8760680914765</coordinates></LinearRing></outerBoundaryIs></Polygon></MultiGeometry>
  </Placemark>
  <Placemark id="cuadricula.283">
	<Style><LineStyle><color>ff0000ff</color></LineStyle><PolyStyle><fill>0</fill></PolyStyle></Style>
	<ExtendedData><SchemaData schemaUrl="#cuadricula">
		<SimpleData name="Sector">283</SimpleData>
	</SchemaData></ExtendedData>
      <MultiGeometry><Polygon><outerBoundaryIs><LinearRing><coordinates>-71.9164006665617,12.1154013641376 -71.9244951843804,12.1154328666594 -71.9244415338383,12.1288236405529 -71.9164006665617,12.1154013641376</coordinates></LinearRing></outerBoundaryIs></Polygon></MultiGeometry>
  </Placemark>
  <Placemark id="cuadricula.284">
	<Style><LineStyle><color>ff0000ff</color></LineStyle><PolyStyle><fill>0</fill></PolyStyle></Style>
	<ExtendedData><SchemaData schemaUrl="#cuadricula">
		<SimpleData name="Sector">284</SimpleData>
	</SchemaData></ExtendedData>
      <MultiGeometry><Polygon><outerBoundaryIs><LinearRing><coordinates>-71.9061801842188,12.0983386498458 -71.9061845279002,12.0972704183973 -71.9245675639198,12.0973421974122 -71.9244951843804,12.1154328666594 -71.9164006665617,12.1154013641376 -71.9061801842188,12.0983386498458</coordinates></LinearRing></outerBoundaryIs></Polygon></MultiGeometry>
  </Placemark>
  <Placemark id="cuadricula.285">
	<Style><LineStyle><color>ff0000ff</color></LineStyle><PolyStyle><fill>0</fill></PolyStyle></Style>
	<ExtendedData><SchemaData schemaUrl="#cuadricula">
		<SimpleData name="Sector">285</SimpleData>
	</SchemaData></ExtendedData>
      <MultiGeometry><Polygon><outerBoundaryIs><LinearRing><coordinates>-71.9245675639198,12.0973421974122 -71.9061845279002,12.0972704183973 -71.9062580258203,12.0791798356764 -71.9246398271939,12.079251504225 -71.9245675639198,12.0973421974122</coordinates></LinearRing></outerBoundaryIs></Polygon></MultiGeometry>
  </Placemark>
  <Placemark id="cuadricula.286">
	<Style><LineStyle><color>ff0000ff</color></LineStyle><PolyStyle><fill>0</fill></PolyStyle></Style>
	<ExtendedData><SchemaData schemaUrl="#cuadricula">
		<SimpleData name="Sector">286</SimpleData>
	</SchemaData></ExtendedData>
      <MultiGeometry><Polygon><outerBoundaryIs><LinearRing><coordinates>-71.9246398271939,12.079251504225 -71.9062580258203,12.0791798356764 -71.9063314055269,12.0610892290349 -71.9247119742403,12.0611607871313 -71.9246398271939,12.079251504225</coordinates></LinearRing></outerBoundaryIs></Polygon></MultiGeometry>
  </Placemark>
  <Placemark id="cuadricula.287">
	<Style><LineStyle><color>ff0000ff</color></LineStyle><PolyStyle><fill>0</fill></PolyStyle></Style>
	<ExtendedData><SchemaData schemaUrl="#cuadricula">
		<SimpleData name="Sector">287</SimpleData>
	</SchemaData></ExtendedData>
      <MultiGeometry><Polygon><outerBoundaryIs><LinearRing><coordinates>-71.9247119742403,12.0611607871313 -71.9063314055269,12.0610892290349 -71.9064046670583,12.0429985985065 -71.9247840050965,12.0430700461649 -71.9247119742403,12.0611607871313</coordinates></LinearRing></outerBoundaryIs></Polygon></MultiGeometry>
  </Placemark>
  <Placemark id="cuadricula.288">
	<Style><LineStyle><color>ff0000ff</color></LineStyle><PolyStyle><fill>0</fill></PolyStyle></Style>
	<ExtendedData><SchemaData schemaUrl="#cuadricula">
		<SimpleData name="Sector">288</SimpleData>
	</SchemaData></ExtendedData>
      <MultiGeometry><Polygon><outerBoundaryIs><LinearRing><coordinates>-71.9247840050965,12.0430700461649 -71.9064046670583,12.0429985985065 -71.9064778104525,12.0249079441249 -71.9248559197999,12.0249792813596 -71.9247840050965,12.0430700461649</coordinates></LinearRing></outerBoundaryIs></Polygon></MultiGeometry>
  </Placemark>
  <Placemark id="cuadricula.289">
	<Style><LineStyle><color>ff0000ff</color></LineStyle><PolyStyle><fill>0</fill></PolyStyle></Style>
	<ExtendedData><SchemaData schemaUrl="#cuadricula">
		<SimpleData name="Sector">289</SimpleData>
	</SchemaData></ExtendedData>
      <MultiGeometry><Polygon><outerBoundaryIs><LinearRing><coordinates>-71.9248559197999,12.0249792813596 -71.9064778104525,12.0249079441249 -71.9065508357475,12.0068172659241 -71.9249277183878,12.0068884927492 -71.9248559197999,12.0249792813596</coordinates></LinearRing></outerBoundaryIs></Polygon></MultiGeometry>
  </Placemark>
  <Placemark id="cuadricula.290">
	<Style><LineStyle><color>ff0000ff</color></LineStyle><PolyStyle><fill>0</fill></PolyStyle></Style>
	<ExtendedData><SchemaData schemaUrl="#cuadricula">
		<SimpleData name="Sector">290</SimpleData>
	</SchemaData></ExtendedData>
      <MultiGeometry><Polygon><outerBoundaryIs><LinearRing><coordinates>-71.9249277183878,12.0068884927492 -71.9065508357475,12.0068172659241 -71.9066237429812,11.9887265639377 -71.9249994008975,11.9887976803673 -71.9249277183878,12.0068884927492</coordinates></LinearRing></outerBoundaryIs></Polygon></MultiGeometry>
  </Placemark>
  <Placemark id="cuadricula.291">
	<Style><LineStyle><color>ff0000ff</color></LineStyle><PolyStyle><fill>0</fill></PolyStyle></Style>
	<ExtendedData><SchemaData schemaUrl="#cuadricula">
		<SimpleData name="Sector">291</SimpleData>
	</SchemaData></ExtendedData>
      <MultiGeometry><Polygon><outerBoundaryIs><LinearRing><coordinates>-71.9249994008975,11.9887976803673 -71.9066237429812,11.9887265639377 -71.9066965321916,11.9706358381995 -71.9250709673664,11.9707068442478 -71.9249994008975,11.9887976803673</coordinates></LinearRing></outerBoundaryIs></Polygon></MultiGeometry>
  </Placemark>
  <Placemark id="cuadricula.292">
	<Style><LineStyle><color>ff0000ff</color></LineStyle><PolyStyle><fill>0</fill></PolyStyle></Style>
	<ExtendedData><SchemaData schemaUrl="#cuadricula">
		<SimpleData name="Sector">292</SimpleData>
	</SchemaData></ExtendedData>
      <MultiGeometry><Polygon><outerBoundaryIs><LinearRing><coordinates>-71.9250709673664,11.9707068442478 -71.9066965321916,11.9706358381995 -71.9067692034163,11.9525450887433 -71.9251424178315,11.9526159844244 -71.9250709673664,11.9707068442478</coordinates></LinearRing></outerBoundaryIs></Polygon></MultiGeometry>
  </Placemark>
  <Placemark id="cuadricula.293">
	<Style><LineStyle><color>ff0000ff</color></LineStyle><PolyStyle><fill>0</fill></PolyStyle></Style>
	<ExtendedData><SchemaData schemaUrl="#cuadricula">
		<SimpleData name="Sector">293</SimpleData>
	</SchemaData></ExtendedData>
      <MultiGeometry><Polygon><outerBoundaryIs><LinearRing><coordinates>-71.9251424178315,11.9526159844244 -71.9067692034163,11.9525450887433 -71.9068417566931,11.934454315603 -71.92521375233,11.934525100931 -71.9251424178315,11.9526159844244</coordinates></LinearRing></outerBoundaryIs></Polygon></MultiGeometry>
  </Placemark>
  <Placemark id="cuadricula.294">
	<Style><LineStyle><color>ff0000ff</color></LineStyle><PolyStyle><fill>0</fill></PolyStyle></Style>
	<ExtendedData><SchemaData schemaUrl="#cuadricula">
		<SimpleData name="Sector">294</SimpleData>
	</SchemaData></ExtendedData>
      <MultiGeometry><Polygon><outerBoundaryIs><LinearRing><coordinates>-71.92521375233,11.934525100931 -71.9068417566931,11.934454315603 -71.9069141920598,11.9163635188124 -71.9252849708988,11.9164341938013 -71.92521375233,11.934525100931</coordinates></LinearRing></outerBoundaryIs></Polygon></MultiGeometry>
  </Placemark>
  <Placemark id="cuadricula.295">
	<Style><LineStyle><color>ff0000ff</color></LineStyle><PolyStyle><fill>0</fill></PolyStyle></Style>
	<ExtendedData><SchemaData schemaUrl="#cuadricula">
		<SimpleData name="Sector">295</SimpleData>
	</SchemaData></ExtendedData>
      <MultiGeometry><Polygon><outerBoundaryIs><LinearRing><coordinates>-71.9252849708988,11.9164341938013 -71.9069141920598,11.9163635188124 -71.9069865095538,11.8982726984053 -71.9253560735749,11.8983432630691 -71.9252849708988,11.9164341938013</coordinates></LinearRing></outerBoundaryIs></Polygon></MultiGeometry>
  </Placemark>
  <Placemark id="cuadricula.296">
	<Style><LineStyle><color>ff0000ff</color></LineStyle><PolyStyle><fill>0</fill></PolyStyle></Style>
	<ExtendedData><SchemaData schemaUrl="#cuadricula">
		<SimpleData name="Sector">296</SimpleData>
	</SchemaData></ExtendedData>
      <MultiGeometry><Polygon><outerBoundaryIs><LinearRing><coordinates>-71.9254034750099,11.8862663102102 -71.9253560735749,11.8983432630691 -71.9069865095538,11.8982726984053 -71.9069937364672,11.8964632030072 -71.9254034750099,11.8862663102102</coordinates></LinearRing></outerBoundaryIs></Polygon></MultiGeometry>
  </Placemark>
  <Placemark id="cuadricula.297">
	<Style><LineStyle><color>ff0000ff</color></LineStyle><PolyStyle><fill>0</fill></PolyStyle></Style>
	<ExtendedData><SchemaData schemaUrl="#cuadricula">
		<SimpleData name="Sector">297</SimpleData>
	</SchemaData></ExtendedData>
      <MultiGeometry><Polygon><outerBoundaryIs><LinearRing><coordinates>-71.9055388422729,12.0972678751178 -71.9061845279002,12.0972704183973 -71.9061801842188,12.0983386498458 -71.9055388422729,12.0972678751178</coordinates></LinearRing></outerBoundaryIs></Polygon></MultiGeometry>
  </Placemark>
  <Placemark id="cuadricula.298">
	<Style><LineStyle><color>ff0000ff</color></LineStyle><PolyStyle><fill>0</fill></PolyStyle></Style>
	<ExtendedData><SchemaData schemaUrl="#cuadricula">
		<SimpleData name="Sector">298</SimpleData>
	</SchemaData></ExtendedData>
      <MultiGeometry><Polygon><outerBoundaryIs><LinearRing><coordinates>-71.8946784114913,12.0791340645187 -71.9062580258203,12.0791798356764 -71.9061845279002,12.0972704183973 -71.9055388422729,12.0972678751178 -71.8946784114913,12.0791340645187</coordinates></LinearRing></outerBoundaryIs></Polygon></MultiGeometry>
  </Placemark>
  <Placemark id="cuadricula.299">
	<Style><LineStyle><color>ff0000ff</color></LineStyle><PolyStyle><fill>0</fill></PolyStyle></Style>
	<ExtendedData><SchemaData schemaUrl="#cuadricula">
		<SimpleData name="Sector">299</SimpleData>
	</SchemaData></ExtendedData>
      <MultiGeometry><Polygon><outerBoundaryIs><LinearRing><coordinates>-71.8879227735672,12.0678527499301 -71.8879509549888,12.0610164586953 -71.9063314055269,12.0610892290349 -71.9062580258203,12.0791798356764 -71.8946784114913,12.0791340645187 -71.8879227735672,12.0678527499301</coordinates></LinearRing></outerBoundaryIs></Polygon></MultiGeometry>
  </Placemark>
  <Placemark id="cuadricula.300">
	<Style><LineStyle><color>ff0000ff</color></LineStyle><PolyStyle><fill>0</fill></PolyStyle></Style>
	<ExtendedData><SchemaData schemaUrl="#cuadricula">
		<SimpleData name="Sector">300</SimpleData>
	</SchemaData></ExtendedData>
      <MultiGeometry><Polygon><outerBoundaryIs><LinearRing><coordinates>-71.9063314055269,12.0610892290349 -71.8879509549888,12.0610164586953 -71.8880254471573,12.0429259404757 -71.9064046670583,12.0429985985065 -71.9063314055269,12.0610892290349</coordinates></LinearRing></outerBoundaryIs></Polygon></MultiGeometry>
  </Placemark>
  <Placemark id="cuadricula.301">
	<Style><LineStyle><color>ff0000ff</color></LineStyle><PolyStyle><fill>0</fill></PolyStyle></Style>
	<ExtendedData><SchemaData schemaUrl="#cuadricula">
		<SimpleData name="Sector">301</SimpleData>
	</SchemaData></ExtendedData>
      <MultiGeometry><Polygon><outerBoundaryIs><LinearRing><coordinates>-71.9064046670583,12.0429985985065 -71.8880254471573,12.0429259404757 -71.8880998192044,12.0248353983885 -71.9064778104525,12.0249079441249 -71.9064046670583,12.0429985985065</coordinates></LinearRing></outerBoundaryIs></Polygon></MultiGeometry>
  </Placemark>
  <Placemark id="cuadricula.302">
	<Style><LineStyle><color>ff0000ff</color></LineStyle><PolyStyle><fill>0</fill></PolyStyle></Style>
	<ExtendedData><SchemaData schemaUrl="#cuadricula">
		<SimpleData name="Sector">302</SimpleData>
	</SchemaData></ExtendedData>
      <MultiGeometry><Polygon><outerBoundaryIs><LinearRing><coordinates>-71.9064778104525,12.0249079441249 -71.8880998192044,12.0248353983885 -71.8881740711685,12.0067448324676 -71.9065508357475,12.0068172659241 -71.9064778104525,12.0249079441249</coordinates></LinearRing></outerBoundaryIs></Polygon></MultiGeometry>
  </Placemark>
  <Placemark id="cuadricula.303">
	<Style><LineStyle><color>ff0000ff</color></LineStyle><PolyStyle><fill>0</fill></PolyStyle></Style>
	<ExtendedData><SchemaData schemaUrl="#cuadricula">
		<SimpleData name="Sector">303</SimpleData>
	</SchemaData></ExtendedData>
      <MultiGeometry><Polygon><outerBoundaryIs><LinearRing><coordinates>-71.9065508357475,12.0068172659241 -71.8881740711685,12.0067448324676 -71.8882482030883,11.9886542427467 -71.9066237429812,11.9887265639377 -71.9065508357475,12.0068172659241</coordinates></LinearRing></outerBoundaryIs></Polygon></MultiGeometry>
  </Placemark>
  <Placemark id="cuadricula.304">
	<Style><LineStyle><color>ff0000ff</color></LineStyle><PolyStyle><fill>0</fill></PolyStyle></Style>
	<ExtendedData><SchemaData schemaUrl="#cuadricula">
		<SimpleData name="Sector">304</SimpleData>
	</SchemaData></ExtendedData>
      <MultiGeometry><Polygon><outerBoundaryIs><LinearRing><coordinates>-71.9066237429812,11.9887265639377 -71.8882482030883,11.9886542427467 -71.8883222150023,11.9705636292598 -71.9066965321916,11.9706358381995 -71.9066237429812,11.9887265639377</coordinates></LinearRing></outerBoundaryIs></Polygon></MultiGeometry>
  </Placemark>
  <Placemark id="cuadricula.305">
	<Style><LineStyle><color>ff0000ff</color></LineStyle><PolyStyle><fill>0</fill></PolyStyle></Style>
	<ExtendedData><SchemaData schemaUrl="#cuadricula">
		<SimpleData name="Sector">305</SimpleData>
	</SchemaData></ExtendedData>
      <MultiGeometry><Polygon><outerBoundaryIs><LinearRing><coordinates>-71.9066965321916,11.9706358381995 -71.8883222150023,11.9705636292598 -71.8883961069489,11.9524729920405 -71.9067692034163,11.9525450887433 -71.9066965321916,11.9706358381995</coordinates></LinearRing></outerBoundaryIs></Polygon></MultiGeometry>
  </Placemark>
  <Placemark id="cuadricula.306">
	<Style><LineStyle><color>ff0000ff</color></LineStyle><PolyStyle><fill>0</fill></PolyStyle></Style>
	<ExtendedData><SchemaData schemaUrl="#cuadricula">
		<SimpleData name="Sector">306</SimpleData>
	</SchemaData></ExtendedData>
      <MultiGeometry><Polygon><outerBoundaryIs><LinearRing><coordinates>-71.9067692034163,11.9525450887433 -71.8883961069489,11.9524729920405 -71.8884698789665,11.9343823311227 -71.9068417566931,11.934454315603 -71.9067692034163,11.9525450887433</coordinates></LinearRing></outerBoundaryIs></Polygon></MultiGeometry>
  </Placemark>
  <Placemark id="cuadricula.307">
	<Style><LineStyle><color>ff0000ff</color></LineStyle><PolyStyle><fill>0</fill></PolyStyle></Style>
	<ExtendedData><SchemaData schemaUrl="#cuadricula">
		<SimpleData name="Sector">307</SimpleData>
	</SchemaData></ExtendedData>
      <MultiGeometry><Polygon><outerBoundaryIs><LinearRing><coordinates>-71.9068417566931,11.934454315603 -71.8884698789665,11.9343823311227 -71.8885435310933,11.9162916465404 -71.9069141920598,11.9163635188124 -71.9068417566931,11.934454315603</coordinates></LinearRing></outerBoundaryIs></Polygon></MultiGeometry>
  </Placemark>
  <Placemark id="cuadricula.308">
	<Style><LineStyle><color>ff0000ff</color></LineStyle><PolyStyle><fill>0</fill></PolyStyle></Style>
	<ExtendedData><SchemaData schemaUrl="#cuadricula">
		<SimpleData name="Sector">308</SimpleData>
	</SchemaData></ExtendedData>
      <MultiGeometry><Polygon><outerBoundaryIs><LinearRing><coordinates>-71.9037491190186,11.8982601383744 -71.9069865095538,11.8982726984053 -71.9069141920598,11.9163635188124 -71.8885435310933,11.9162916465404 -71.8885827002409,11.9066587667016 -71.9037491190186,11.8982601383744</coordinates></LinearRing></outerBoundaryIs></Polygon></MultiGeometry>
  </Placemark>
  <Placemark id="cuadricula.309">
	<Style><LineStyle><color>ff0000ff</color></LineStyle><PolyStyle><fill>0</fill></PolyStyle></Style>
	<ExtendedData><SchemaData schemaUrl="#cuadricula">
		<SimpleData name="Sector">309</SimpleData>
	</SchemaData></ExtendedData>
      <MultiGeometry><Polygon><outerBoundaryIs><LinearRing><coordinates>-71.9069937364672,11.8964632030072 -71.9069865095538,11.8982726984053 -71.9037491190186,11.8982601383744 -71.9069937364672,11.8964632030072</coordinates></LinearRing></outerBoundaryIs></Polygon></MultiGeometry>
  </Placemark>
  <Placemark id="cuadricula.310">
	<Style><LineStyle><color>ff0000ff</color></LineStyle><PolyStyle><fill>0</fill></PolyStyle></Style>
	<ExtendedData><SchemaData schemaUrl="#cuadricula">
		<SimpleData name="Sector">310</SimpleData>
	</SchemaData></ExtendedData>
      <MultiGeometry><Polygon><outerBoundaryIs><LinearRing><coordinates>-71.8838193710888,12.0609999343421 -71.8879509549888,12.0610164586953 -71.8879227735672,12.0678527499301 -71.8838193710888,12.0609999343421</coordinates></LinearRing></outerBoundaryIs></Polygon></MultiGeometry>
  </Placemark>
  <Placemark id="cuadricula.311">
	<Style><LineStyle><color>ff0000ff</color></LineStyle><PolyStyle><fill>0</fill></PolyStyle></Style>
	<ExtendedData><SchemaData schemaUrl="#cuadricula">
		<SimpleData name="Sector">311</SimpleData>
	</SchemaData></ExtendedData>
      <MultiGeometry><Polygon><outerBoundaryIs><LinearRing><coordinates>-71.872961717938,12.0428654865899 -71.8880254471573,12.0429259404757 -71.8879509549888,12.0610164586953 -71.8838193710888,12.0609999343421 -71.872961717938,12.0428654865899</coordinates></LinearRing></outerBoundaryIs></Polygon></MultiGeometry>
  </Placemark>
  <Placemark id="cuadricula.312">
	<Style><LineStyle><color>ff0000ff</color></LineStyle><PolyStyle><fill>0</fill></PolyStyle></Style>
	<ExtendedData><SchemaData schemaUrl="#cuadricula">
		<SimpleData name="Sector">312</SimpleData>
	</SchemaData></ExtendedData>
      <MultiGeometry><Polygon><outerBoundaryIs><LinearRing><coordinates>-71.869669287021,12.0373659503178 -71.8697219480391,12.0247616441871 -71.8880998192044,12.0248353983885 -71.8880254471573,12.0429259404757 -71.872961717938,12.0428654865899 -71.869669287021,12.0373659503178</coordinates></LinearRing></outerBoundaryIs></Polygon></MultiGeometry>
  </Placemark>
  <Placemark id="cuadricula.313">
	<Style><LineStyle><color>ff0000ff</color></LineStyle><PolyStyle><fill>0</fill></PolyStyle></Style>
	<ExtendedData><SchemaData schemaUrl="#cuadricula">
		<SimpleData name="Sector">313</SimpleData>
	</SchemaData></ExtendedData>
      <MultiGeometry><Polygon><outerBoundaryIs><LinearRing><coordinates>-71.8880998192044,12.0248353983885 -71.8697219480391,12.0247616441871 -71.8697974266338,12.0066711924164 -71.8881740711685,12.0067448324676 -71.8880998192044,12.0248353983885</coordinates></LinearRing></outerBoundaryIs></Polygon></MultiGeometry>
  </Placemark>
  <Placemark id="cuadricula.314">
	<Style><LineStyle><color>ff0000ff</color></LineStyle><PolyStyle><fill>0</fill></PolyStyle></Style>
	<ExtendedData><SchemaData schemaUrl="#cuadricula">
		<SimpleData name="Sector">314</SimpleData>
	</SchemaData></ExtendedData>
      <MultiGeometry><Polygon><outerBoundaryIs><LinearRing><coordinates>-71.8881740711685,12.0067448324676 -71.8697974266338,12.0066711924164 -71.8698727832012,11.9885807168312 -71.8882482030883,11.9886542427467 -71.8881740711685,12.0067448324676</coordinates></LinearRing></outerBoundaryIs></Polygon></MultiGeometry>
  </Placemark>
  <Placemark id="cuadricula.315">
	<Style><LineStyle><color>ff0000ff</color></LineStyle><PolyStyle><fill>0</fill></PolyStyle></Style>
	<ExtendedData><SchemaData schemaUrl="#cuadricula">
		<SimpleData name="Sector">315</SimpleData>
	</SchemaData></ExtendedData>
      <MultiGeometry><Polygon><outerBoundaryIs><LinearRing><coordinates>-71.8882482030883,11.9886542427467 -71.8698727832012,11.9885807168312 -71.8699480177804,11.9704902174652 -71.8883222150023,11.9705636292598 -71.8882482030883,11.9886542427467</coordinates></LinearRing></outerBoundaryIs></Polygon></MultiGeometry>
  </Placemark>
  <Placemark id="cuadricula.316">
	<Style><LineStyle><color>ff0000ff</color></LineStyle><PolyStyle><fill>0</fill></PolyStyle></Style>
	<ExtendedData><SchemaData schemaUrl="#cuadricula">
		<SimpleData name="Sector">316</SimpleData>
	</SchemaData></ExtendedData>
      <MultiGeometry><Polygon><outerBoundaryIs><LinearRing><coordinates>-71.8883222150023,11.9705636292598 -71.8699480177804,11.9704902174652 -71.8700231304106,11.9523996943523 -71.8883961069489,11.9524729920405 -71.8883222150023,11.9705636292598</coordinates></LinearRing></outerBoundaryIs></Polygon></MultiGeometry>
  </Placemark>
  <Placemark id="cuadricula.317">
	<Style><LineStyle><color>ff0000ff</color></LineStyle><PolyStyle><fill>0</fill></PolyStyle></Style>
	<ExtendedData><SchemaData schemaUrl="#cuadricula">
		<SimpleData name="Sector">317</SimpleData>
	</SchemaData></ExtendedData>
      <MultiGeometry><Polygon><outerBoundaryIs><LinearRing><coordinates>-71.8883961069489,11.9524729920405 -71.8700231304106,11.9523996943523 -71.8700981211306,11.9343091475265 -71.8884698789665,11.9343823311227 -71.8883961069489,11.9524729920405</coordinates></LinearRing></outerBoundaryIs></Polygon></MultiGeometry>
  </Placemark>
  <Placemark id="cuadricula.318">
	<Style><LineStyle><color>ff0000ff</color></LineStyle><PolyStyle><fill>0</fill></PolyStyle></Style>
	<ExtendedData><SchemaData schemaUrl="#cuadricula">
		<SimpleData name="Sector">318</SimpleData>
	</SchemaData></ExtendedData>
      <MultiGeometry><Polygon><outerBoundaryIs><LinearRing><coordinates>-71.8713081175098,11.9162231267511 -71.8885435310933,11.9162916465404 -71.8884698789665,11.9343823311227 -71.8700981211306,11.9343091475265 -71.8701703664551,11.9168529981277 -71.8713081175098,11.9162231267511</coordinates></LinearRing></outerBoundaryIs></Polygon></MultiGeometry>
  </Placemark>
  <Placemark id="cuadricula.319">
	<Style><LineStyle><color>ff0000ff</color></LineStyle><PolyStyle><fill>0</fill></PolyStyle></Style>
	<ExtendedData><SchemaData schemaUrl="#cuadricula">
		<SimpleData name="Sector">319</SimpleData>
	</SchemaData></ExtendedData>
      <MultiGeometry><Polygon><outerBoundaryIs><LinearRing><coordinates>-71.8885827002409,11.9066587667016 -71.8885435310933,11.9162916465404 -71.8713081175098,11.9162231267511 -71.8885827002409,11.9066587667016</coordinates></LinearRing></outerBoundaryIs></Polygon></MultiGeometry>
  </Placemark>
  <Placemark id="cuadricula.320">
	<Style><LineStyle><color>ff0000ff</color></LineStyle><PolyStyle><fill>0</fill></PolyStyle></Style>
	<ExtendedData><SchemaData schemaUrl="#cuadricula">
		<SimpleData name="Sector">320</SimpleData>
	</SchemaData></ExtendedData>
      <MultiGeometry><Polygon><outerBoundaryIs><LinearRing><coordinates>-71.8621054489127,12.024730723263 -71.8697219480391,12.0247616441871 -71.869669287021,12.0373659503178 -71.8621054489127,12.024730723263</coordinates></LinearRing></outerBoundaryIs></Polygon></MultiGeometry>
  </Placemark>
  <Placemark id="cuadricula.321">
	<Style><LineStyle><color>ff0000ff</color></LineStyle><PolyStyle><fill>0</fill></PolyStyle></Style>
	<ExtendedData><SchemaData schemaUrl="#cuadricula">
		<SimpleData name="Sector">321</SimpleData>
	</SchemaData></ExtendedData>
      <MultiGeometry><Polygon><outerBoundaryIs><LinearRing><coordinates>-71.8514197097264,12.0068782605174 -71.8514209041264,12.0065963458077 -71.8697974266338,12.0066711924164 -71.8697219480391,12.0247616441871 -71.8621054489127,12.024730723263 -71.8514197097264,12.0068782605174</coordinates></LinearRing></outerBoundaryIs></Polygon></MultiGeometry>
  </Placemark>
  <Placemark id="cuadricula.322">
	<Style><LineStyle><color>ff0000ff</color></LineStyle><PolyStyle><fill>0</fill></PolyStyle></Style>
	<ExtendedData><SchemaData schemaUrl="#cuadricula">
		<SimpleData name="Sector">322</SimpleData>
	</SchemaData></ExtendedData>
      <MultiGeometry><Polygon><outerBoundaryIs><LinearRing><coordinates>-71.8697974266338,12.0066711924164 -71.8514209041264,12.0065963458077 -71.8514974853023,11.9885059862281 -71.8698727832012,11.9885807168312 -71.8697974266338,12.0066711924164</coordinates></LinearRing></outerBoundaryIs></Polygon></MultiGeometry>
  </Placemark>
  <Placemark id="cuadricula.323">
	<Style><LineStyle><color>ff0000ff</color></LineStyle><PolyStyle><fill>0</fill></PolyStyle></Style>
	<ExtendedData><SchemaData schemaUrl="#cuadricula">
		<SimpleData name="Sector">323</SimpleData>
	</SchemaData></ExtendedData>
      <MultiGeometry><Polygon><outerBoundaryIs><LinearRing><coordinates>-71.8698727832012,11.9885807168312 -71.8514974853023,11.9885059862281 -71.8515739425077,11.9704156028529 -71.8699480177804,11.9704902174652 -71.8698727832012,11.9885807168312</coordinates></LinearRing></outerBoundaryIs></Polygon></MultiGeometry>
  </Placemark>
  <Placemark id="cuadricula.324">
	<Style><LineStyle><color>ff0000ff</color></LineStyle><PolyStyle><fill>0</fill></PolyStyle></Style>
	<ExtendedData><SchemaData schemaUrl="#cuadricula">
		<SimpleData name="Sector">324</SimpleData>
	</SchemaData></ExtendedData>
      <MultiGeometry><Polygon><outerBoundaryIs><LinearRing><coordinates>-71.8699480177804,11.9704902174652 -71.8515739425077,11.9704156028529 -71.8516502757823,11.952325195716 -71.8700231304106,11.9523996943523 -71.8699480177804,11.9704902174652</coordinates></LinearRing></outerBoundaryIs></Polygon></MultiGeometry>
  </Placemark>
  <Placemark id="cuadricula.325">
	<Style><LineStyle><color>ff0000ff</color></LineStyle><PolyStyle><fill>0</fill></PolyStyle></Style>
	<ExtendedData><SchemaData schemaUrl="#cuadricula">
		<SimpleData name="Sector">325</SimpleData>
	</SchemaData></ExtendedData>
      <MultiGeometry><Polygon><outerBoundaryIs><LinearRing><coordinates>-71.8700231304106,11.9523996943523 -71.8516502757823,11.952325195716 -71.8517264851659,11.9342347648513 -71.8700981211306,11.9343091475265 -71.8700231304106,11.9523996943523</coordinates></LinearRing></outerBoundaryIs></Polygon></MultiGeometry>
  </Placemark>
  <Placemark id="cuadricula.326">
	<Style><LineStyle><color>ff0000ff</color></LineStyle><PolyStyle><fill>0</fill></PolyStyle></Style>
	<ExtendedData><SchemaData schemaUrl="#cuadricula">
		<SimpleData name="Sector">326</SimpleData>
	</SchemaData></ExtendedData>
      <MultiGeometry><Polygon><outerBoundaryIs><LinearRing><coordinates>-71.8701703664551,11.9168529981277 -71.8700981211306,11.9343091475265 -71.8517264851659,11.9342347648513 -71.8517567352349,11.9270458941203 -71.8701703664551,11.9168529981277</coordinates></LinearRing></outerBoundaryIs></Polygon></MultiGeometry>
  </Placemark>
  <Placemark id="cuadricula.327">
	<Style><LineStyle><color>ff0000ff</color></LineStyle><PolyStyle><fill>0</fill></PolyStyle></Style>
	<ExtendedData><SchemaData schemaUrl="#cuadricula">
		<SimpleData name="Sector">327</SimpleData>
	</SchemaData></ExtendedData>
      <MultiGeometry><Polygon><outerBoundaryIs><LinearRing><coordinates>-71.8512505608879,12.0065956463624 -71.8514209041264,12.0065963458077 -71.8514197097264,12.0068782605174 -71.8512505608879,12.0065956463624</coordinates></LinearRing></outerBoundaryIs></Polygon></MultiGeometry>
  </Placemark>
  <Placemark id="cuadricula.328">
	<Style><LineStyle><color>ff0000ff</color></LineStyle><PolyStyle><fill>0</fill></PolyStyle></Style>
	<ExtendedData><SchemaData schemaUrl="#cuadricula">
		<SimpleData name="Sector">328</SimpleData>
	</SchemaData></ExtendedData>
      <MultiGeometry><Polygon><outerBoundaryIs><LinearRing><coordinates>-71.8403970507395,11.9884602578884 -71.8514974853023,11.9885059862281 -71.8514209041264,12.0065963458077 -71.8512505608879,12.0065956463624 -71.8403970507395,11.9884602578884</coordinates></LinearRing></outerBoundaryIs></Polygon></MultiGeometry>
  </Placemark>
  <Placemark id="cuadricula.329">
	<Style><LineStyle><color>ff0000ff</color></LineStyle><PolyStyle><fill>0</fill></PolyStyle></Style>
	<ExtendedData><SchemaData schemaUrl="#cuadricula">
		<SimpleData name="Sector">329</SimpleData>
	</SchemaData></ExtendedData>
      <MultiGeometry><Polygon><outerBoundaryIs><LinearRing><coordinates>-71.8331740268378,11.9763896900343 -71.8331999911657,11.9703397854606 -71.8515739425077,11.9704156028529 -71.8514974853023,11.9885059862281 -71.8403970507395,11.9884602578884 -71.8331740268378,11.9763896900343</coordinates></LinearRing></outerBoundaryIs></Polygon></MultiGeometry>
  </Placemark>
  <Placemark id="cuadricula.330">
	<Style><LineStyle><color>ff0000ff</color></LineStyle><PolyStyle><fill>0</fill></PolyStyle></Style>
	<ExtendedData><SchemaData schemaUrl="#cuadricula">
		<SimpleData name="Sector">330</SimpleData>
	</SchemaData></ExtendedData>
      <MultiGeometry><Polygon><outerBoundaryIs><LinearRing><coordinates>-71.8515739425077,11.9704156028529 -71.8331999911657,11.9703397854606 -71.8332775450452,11.9522494961691 -71.8516502757823,11.952325195716 -71.8515739425077,11.9704156028529</coordinates></LinearRing></outerBoundaryIs></Polygon></MultiGeometry>
  </Placemark>
  <Placemark id="cuadricula.331">
	<Style><LineStyle><color>ff0000ff</color></LineStyle><PolyStyle><fill>0</fill></PolyStyle></Style>
	<ExtendedData><SchemaData schemaUrl="#cuadricula">
		<SimpleData name="Sector">331</SimpleData>
	</SchemaData></ExtendedData>
      <MultiGeometry><Polygon><outerBoundaryIs><LinearRing><coordinates>-71.8388630880345,11.9341819698219 -71.8517264851659,11.9342347648513 -71.8516502757823,11.952325195716 -71.8332775450452,11.9522494961691 -71.8333418067067,11.9372374515144 -71.8388630880345,11.9341819698219</coordinates></LinearRing></outerBoundaryIs></Polygon></MultiGeometry>
  </Placemark>
  <Placemark id="cuadricula.332">
	<Style><LineStyle><color>ff0000ff</color></LineStyle><PolyStyle><fill>0</fill></PolyStyle></Style>
	<ExtendedData><SchemaData schemaUrl="#cuadricula">
		<SimpleData name="Sector">332</SimpleData>
	</SchemaData></ExtendedData>
      <MultiGeometry><Polygon><outerBoundaryIs><LinearRing><coordinates>-71.8517567352349,11.9270458941203 -71.8517264851659,11.9342347648513 -71.8388630880345,11.9341819698219 -71.8517567352349,11.9270458941203</coordinates></LinearRing></outerBoundaryIs></Polygon></MultiGeometry>
  </Placemark>
  <Placemark id="cuadricula.333">
	<Style><LineStyle><color>ff0000ff</color></LineStyle><PolyStyle><fill>0</fill></PolyStyle></Style>
	<ExtendedData><SchemaData schemaUrl="#cuadricula">
		<SimpleData name="Sector">333</SimpleData>
	</SchemaData></ExtendedData>
      <MultiGeometry><Polygon><outerBoundaryIs><LinearRing><coordinates>-71.8295449153445,11.9703245598409 -71.8331999911657,11.9703397854606 -71.8331740268378,11.9763896900343 -71.8295449153445,11.9703245598409</coordinates></LinearRing></outerBoundaryIs></Polygon></MultiGeometry>
  </Placemark>
  <Placemark id="cuadricula.334">
	<Style><LineStyle><color>ff0000ff</color></LineStyle><PolyStyle><fill>0</fill></PolyStyle></Style>
	<ExtendedData><SchemaData schemaUrl="#cuadricula">
		<SimpleData name="Sector">334</SimpleData>
	</SchemaData></ExtendedData>
      <MultiGeometry><Polygon><outerBoundaryIs><LinearRing><coordinates>-71.8186941515808,11.9521885542194 -71.8332775450452,11.9522494961691 -71.8331999911657,11.9703397854606 -71.8295449153445,11.9703245598409 -71.8186941515808,11.9521885542194</coordinates></LinearRing></outerBoundaryIs></Polygon></MultiGeometry>
  </Placemark>
  <Placemark id="cuadricula.335">
	<Style><LineStyle><color>ff0000ff</color></LineStyle><PolyStyle><fill>0</fill></PolyStyle></Style>
	<ExtendedData><SchemaData schemaUrl="#cuadricula">
		<SimpleData name="Sector">335</SimpleData>
	</SchemaData></ExtendedData>
      <MultiGeometry><Polygon><outerBoundaryIs><LinearRing><coordinates>-71.815617091289,11.9470450723025 -71.8333418067067,11.9372374515144 -71.8332775450452,11.9522494961691 -71.8186941515808,11.9521885542194 -71.815617091289,11.9470450723025</coordinates></LinearRing></outerBoundaryIs></Polygon></MultiGeometry>
  </Placemark>
</Folder>
</Document></kml>
